Bowler,2008,2009,2010,2011,2012,2013,2014,2015,2016,2017,No of seasons,Last 3 mean,Score
A Ashish Reddy,8.309000184683356,8.309000184683356,8.309000184683356,8.309000184683356,8.449704142011836,10.39024390243902,8.309000184683356,8.27027027027027,10.43478260869565,8.309000184683356,4,10.99531564545024,8.197189387270145
A Chandila,4.8447619047619055,4.8447619047619055,4.8447619047619055,4.8447619047619055,6.214285714285715,6.32,4.8447619047619055,4.8447619047619055,4.8447619047619055,4.8447619047619055,2,15.155238095238094,9.893142857142857
A Choudhary,4.5,4.5,4.5,4.5,4.5,4.5,4.5,4.5,4.5,8.0,1,14.333333333333332,9.0
A Flintoff,5.318181818181818,9.636363636363637,5.318181818181818,5.318181818181818,5.318181818181818,5.318181818181818,5.318181818181818,5.318181818181818,5.318181818181818,5.318181818181818,1,14.681818181818182,9.209090909090909
A Kumble,7.983050847457627,5.916201117318436,6.508997429305913,5.852062348520494,5.852062348520494,5.852062348520494,5.852062348520494,5.852062348520494,5.852062348520494,5.852062348520494,3,14.147937651479506,9.688762590887702
A Mishra,6.829268292682926,6.870229007633587,6.76595744680851,6.833333333333332,7.910034602076125,6.303191489361701,8.921739130434784,7.518072289156628,7.394366197183097,8.734177215189874,10,12.117794766156802,11.270676859694081
A Mithun,9.078950808393534,9.333333333333334,11.7,8.823529411764707,10.73684210526316,8.879999999999999,9.078950808393534,9.078950808393534,9.078950808393534,9.078950808393534,5,10.921049191606466,8.55262951496388
A Nehra,7.65,6.515337423312883,7.199999999999998,8.023916057202097,8.474226804123711,8.660633484162895,9.225806451612904,7.05974025974026,7.453416149068323,9.0,9,12.162281197063805,10.897368718238283
A Nel,10.33333333333333,5.666666666666665,5.666666666666665,5.666666666666665,5.666666666666665,5.666666666666665,5.666666666666665,5.666666666666665,5.666666666666665,5.666666666666665,1,14.333333333333336,9.000000000000002
A Singh,6.385608654676824,5.607476635514018,6.385608654676824,7.611428571428571,9.323529411764707,6.385608654676824,6.385608654676824,6.385608654676824,6.385608654676824,6.385608654676824,3,13.614391345323174,9.368634807193905
A Symonds,14.45454545454546,6.612244897959183,7.107692307692307,10.25,8.48489653203939,8.48489653203939,8.48489653203939,8.48489653203939,8.48489653203939,8.48489653203939,4,11.51510346796061,8.509062080776365
A Uniyal,5.789473684210525,5.789473684210525,10.57894736842105,5.789473684210525,5.789473684210525,5.789473684210525,5.789473684210525,5.789473684210525,5.789473684210525,5.789473684210525,1,14.210526315789476,8.926315789473685
A Zampa,5.627035917024775,5.627035917024775,5.627035917024775,5.627035917024775,5.627035917024775,5.627035917024775,5.627035917024775,5.627035917024775,6.815533980582524,8.065573770491802,2,13.163952110633634,8.698371266380182
AA Chavan,6.1620562130177525,6.1620562130177525,6.1620562130177525,6.200000000000001,8.698224852071007,6.75,6.1620562130177525,6.1620562130177525,6.1620562130177525,6.1620562130177525,3,13.837943786982247,9.502766272189348
AA Jhunjhunwala,7.56730769230769,7.56730769230769,10.61538461538461,10.15384615384615,6.5,7.56730769230769,7.56730769230769,7.56730769230769,7.56730769230769,7.56730769230769,3,12.43269230769231,8.659615384615387
AA Kazi,5.346153846153847,5.346153846153847,5.346153846153847,9.692307692307693,5.346153846153847,5.346153846153847,5.346153846153847,5.346153846153847,5.346153846153847,5.346153846153847,1,14.653846153846153,9.192307692307692
AA Noffke,9.84,5.42,5.42,5.42,5.42,5.42,5.42,5.42,5.42,5.42,1,14.580000000000002,9.148000000000001
AB Agarkar,7.535714285714286,8.834170854271356,9.132352941176471,8.634146341463413,8.933333333333334,8.857142857142858,8.275265801871674,8.275265801871674,8.275265801871674,8.275265801871674,6,11.724734198128326,9.434840518876996
AB Dinda,6.514285714285714,7.800000000000002,6.458333333333332,8.91588785046729,6.662337662337663,9.197368421052632,8.338461538461537,11.45454545454546,7.375,11.16923076923077,10,10.000407925407922,10.000244755244754
AB McDonald,8.045205185899496,7.333333333333334,9.741176470588236,11.5,6.19672131147541,8.5,8.045205185899496,8.045205185899496,8.045205185899496,8.045205185899496,5,11.954794814100504,9.172876888460303
Abdur Razzak,12.42857142857143,6.714285714285715,6.714285714285715,6.714285714285715,6.714285714285715,6.714285714285715,6.714285714285715,6.714285714285715,6.714285714285715,6.714285714285715,1,13.285714285714285,8.37142857142857
AC Gilchrist,0.5,0.5,0.5,0.5,0.5,0.0,0.5,0.5,0.5,0.5,1,19.5,12.1
AC Thomas,5.833333333333333,5.833333333333333,5.833333333333333,7.5,8.0,5.833333333333333,5.833333333333333,5.833333333333333,5.833333333333333,5.833333333333333,2,14.166666666666668,9.3
AC Voges,4.571428571428571,4.571428571428571,8.142857142857142,4.571428571428571,4.571428571428571,4.571428571428571,4.571428571428571,4.571428571428571,4.571428571428571,4.571428571428571,1,15.428571428571429,9.657142857142857
AD Mascarenhas,7.44,6.879310344827586,8.25,6.770572342694632,6.804123711340206,6.25,6.770572342694632,6.770572342694632,6.770572342694632,6.770572342694632,5,13.229427657305369,9.937656594383222
AD Mathews,8.771673026413223,12.8,8.269565217391305,8.771673026413223,7.40506329113924,7.819148936170212,8.771673026413223,8.075675675675676,8.771673026413223,11.03225806451613,6,10.70679774446499,8.824078646678995
AD Russell,8.424621201321871,8.424621201321871,8.424621201321871,8.424621201321871,9.918367346938776,9.272727272727273,10.45161290322581,7.842519685039369,8.0625,8.424621201321871,5,11.890119704546253,9.134071822727751
AF Milne,7.32,7.32,7.32,7.32,7.32,7.32,7.32,7.32,10.56,9.4,2,10.906666666666666,7.343999999999999
AG Murtaza,6.486831639416704,6.486831639416704,7.643835616438356,6.0,5.5,9.29032258064516,6.486831639416704,6.486831639416704,6.486831639416704,6.486831639416704,4,13.513168360583297,9.707901016349979
AJ Finch,6.383928571428571,6.383928571428571,4.285714285714286,6.0,6.383928571428571,12.25,6.383928571428571,6.383928571428571,6.383928571428571,6.383928571428571,3,13.616071428571427,9.369642857142855
AJ Tye,3.921875,3.921875,3.921875,3.921875,3.921875,3.921875,3.921875,3.921875,3.921875,6.84375,1,15.104166666666668,9.4625
AL Menaria,5.568817204301076,5.568817204301076,5.568817204301076,7.806451612903226,6.9,5.568817204301076,5.568817204301076,5.568817204301076,5.568817204301076,5.568817204301076,2,14.431182795698923,9.458709677419353
AM Nayar,9.627906976744185,6.545454545454545,8.883496761636296,9.047619047619047,16.0,7.08,8.883496761636296,8.883496761636296,8.883496761636296,8.883496761636296,5,11.116503238363704,8.669901943018221
AM Rahane,3.0,5.0,3.0,3.0,3.0,3.0,3.0,3.0,3.0,3.0,1,17.0,10.6
AM Salvi,5.950440251572327,7.811320754716981,5.950440251572327,8.040000000000001,5.950440251572327,5.950440251572327,5.950440251572327,5.950440251572327,5.950440251572327,5.950440251572327,2,14.049559748427672,9.229735849056604
AN Ahmed,8.29077579776395,8.29077579776395,11.14285714285714,8.34375,7.846153846153847,6.428571428571429,8.089887640449438,10.18421052631579,8.29077579776395,8.29077579776395,6,11.07807929271877,9.046847575631263
Anand Rajan,6.3878261831048215,6.3878261831048215,6.3878261831048215,8.571428571428571,8.921052631578949,5.058823529411764,6.3878261831048215,6.3878261831048215,6.3878261831048215,6.3878261831048215,3,13.61217381689518,9.367304290137108
Ankit Sharma,8.281402128957895,8.281402128957895,8.281402128957895,8.281402128957895,6.816326530612245,8.5,5.5,7.953488372093022,7.199999999999998,16.0,6,9.615503875968992,8.169302325581395
Ankit Soni,4.383928571428571,4.383928571428571,4.383928571428571,4.383928571428571,4.383928571428571,4.383928571428571,4.383928571428571,4.383928571428571,4.383928571428571,7.767857142857143,1,14.488095238095237,9.092857142857142
Anureet Singh,8.225936965175086,8.294117647058822,8.225936965175086,8.225936965175086,8.225936965175086,8.225936965175086,8.225936965175086,8.888198757763975,6.947368421052633,13.0,4,10.388144273727798,7.832886564236679
AP Dole,5.184931506849315,5.184931506849315,9.36986301369863,5.184931506849315,5.184931506849315,5.184931506849315,5.184931506849315,5.184931506849315,5.184931506849315,5.184931506849315,1,14.815068493150685,9.289041095890411
AR Patel,6.82540087119361,6.82540087119361,6.82540087119361,6.82540087119361,6.82540087119361,6.82540087119361,6.312655086848635,8.283737024221454,8.061224489795919,7.469387755102041,4,12.061883576960195,8.837130146176117
AS Rajpoot,7.022442528735633,7.022442528735633,7.022442528735633,7.022442528735633,7.022442528735633,8.879999999999999,7.022442528735633,7.022442528735633,8.416666666666666,7.793103448275863,3,12.255929118773945,8.553557471264366
AS Raut,6.416666666666667,9.25,6.416666666666667,8.0,6.416666666666667,6.416666666666667,6.416666666666667,6.416666666666667,6.416666666666667,6.416666666666667,2,13.583333333333332,8.95
AUK Pathan,8.133333333333333,8.133333333333333,8.133333333333333,8.399999999999999,14.0,8.133333333333333,8.133333333333333,8.133333333333333,8.133333333333333,8.133333333333333,2,11.866666666666667,7.92
Avesh Khan,3.5,3.5,3.5,3.5,3.5,3.5,3.5,3.5,3.5,6.0,1,15.666666666666668,9.8
Azhar Mahmood,7.58060737757049,7.58060737757049,7.58060737757049,7.58060737757049,7.494339622641509,7.52808988764045,7.58060737757049,12.3,7.58060737757049,7.58060737757049,3,10.84626174828634,7.707757048971804
B Akhil,7.885714285714286,6.956521739130435,6.0,10.15384615384615,6.999216435738174,6.999216435738174,6.999216435738174,6.999216435738174,6.999216435738174,6.999216435738174,4,13.000783564261827,9.400470138557097
B Chipli,10.5,10.5,10.5,20.0,10.5,10.5,10.5,10.5,10.5,10.5,1,9.5,6.1
B Geeves,11.14285714285714,6.07142857142857,6.07142857142857,6.07142857142857,6.07142857142857,6.07142857142857,6.07142857142857,6.07142857142857,6.07142857142857,6.07142857142857,1,13.92857142857143,8.757142857142858
B Kumar,6.951086251659188,6.951086251659188,6.951086251659188,6.08955223880597,7.325000000000001,6.367688022284123,6.642201834862386,7.783281733746131,7.289855072463769,7.111111111111111,7,12.605250694226331,10.363150416535799
B Laughlin,5.300000000000001,5.300000000000001,5.300000000000001,5.300000000000001,5.300000000000001,9.600000000000001,5.300000000000001,5.300000000000001,5.300000000000001,5.300000000000001,1,14.7,9.219999999999999
B Lee,7.15151515151515,5.097744360902256,10.15384615384615,7.373239436619718,7.76923076923077,7.120000000000001,7.2379394103020065,7.2379394103020065,7.2379394103020065,7.2379394103020065,6,12.762060589697992,10.057236353818794
B Stanlake,4.699999999999999,4.699999999999999,4.699999999999999,4.699999999999999,4.699999999999999,4.699999999999999,4.699999999999999,4.699999999999999,4.699999999999999,8.399999999999999,1,14.066666666666666,8.84
BA Bhatt,6.47536384096024,6.47536384096024,6.47536384096024,8.127906976744185,8.58,6.193548387096774,6.47536384096024,6.47536384096024,6.47536384096024,6.47536384096024,3,13.524636159039762,9.314781695423857
BA Stokes,4.08029197080292,4.08029197080292,4.08029197080292,4.08029197080292,4.08029197080292,4.08029197080292,4.08029197080292,4.08029197080292,4.08029197080292,7.160583941605839,1,14.89294403892944,9.335766423357663
Basil Thampi,5.118705035971223,5.118705035971223,5.118705035971223,5.118705035971223,5.118705035971223,5.118705035971223,5.118705035971223,5.118705035971223,5.118705035971223,9.237410071942445,1,13.508393285371703,8.505035971223021
BAW Mendis,6.0,8.0,8.16,6.531999999999999,6.531999999999999,6.5,6.531999999999999,6.531999999999999,6.531999999999999,6.531999999999999,4,13.468,9.6808
BB Sran,8.815384615384616,8.815384615384616,8.815384615384616,8.815384615384616,8.815384615384616,8.815384615384616,8.815384615384616,10.8,8.076923076923077,13.38461538461539,3,9.246153846153845,6.747692307692307
BCJ Cutting,6.787648920327625,6.787648920327625,6.787648920327625,6.787648920327625,6.787648920327625,6.787648920327625,7.75,6.787648920327625,7.058823529411764,9.341772151898734,3,12.270585132787293,8.562351079672377
BE Hendricks,6.785040650406504,6.785040650406504,6.785040650406504,6.785040650406504,6.785040650406504,6.785040650406504,10.16,8.195121951219512,6.785040650406504,6.785040650406504,2,12.744932249322492,8.446959349593495
Bipul Sharma,7.730302197802197,7.730302197802197,9.4,6.153846153846153,10.25,5.25,7.730302197802197,7.142857142857141,8.785714285714285,7.86,7,12.070476190476192,10.042285714285715
BJ Hodge,7.040310641912389,8.146341463414634,8.2,6.895522388059701,11.0,3.0,7.040310641912389,7.040310641912389,7.040310641912389,7.040310641912389,5,12.959689358087612,9.775813614852567
BJ Rohrer,5.64285714285714,5.64285714285714,5.64285714285714,5.64285714285714,5.64285714285714,10.28571428571428,5.64285714285714,5.64285714285714,5.64285714285714,5.64285714285714,1,14.357142857142861,9.014285714285716
BMAJ Mendis,4.1,4.1,4.1,4.1,4.1,7.199999999999998,4.1,4.1,4.1,4.1,1,15.9,9.940000000000001
BW Hilfenhaus,5.832115171650055,5.832115171650055,5.832115171650055,5.832115171650055,6.753488372093023,5.832115171650055,8.742857142857142,5.832115171650055,5.832115171650055,5.832115171650055,2,14.167884828349944,9.300730897009966
C de Grandhomme,4.5,4.5,4.5,4.5,4.5,4.5,4.5,4.5,4.5,8.0,1,14.333333333333332,9.0
C Ganapathy,7.0,7.0,13.0,7.0,7.0,7.0,7.0,7.0,7.0,7.0,1,13.0,8.2
C Munro,4.25,4.25,4.25,4.25,4.25,4.25,4.25,4.25,7.5,4.25,1,14.666666666666668,9.2
C Nanda,3.9799999999999995,6.959999999999999,3.9799999999999995,3.9799999999999995,3.9799999999999995,3.9799999999999995,3.9799999999999995,3.9799999999999995,3.9799999999999995,3.9799999999999995,1,16.02,10.012
CH Gayle,8.371578323637147,7.361344537815127,9.0,6.986666666666666,13.4,9.84,8.371578323637147,7.384615384615386,6.0,8.371578323637147,7,12.74793543058249,10.448761258349496
CH Morris,6.817184927215399,6.817184927215399,6.817184927215399,6.817184927215399,6.817184927215399,7.961165048543689,6.817184927215399,7.466666666666666,7.007299270072992,7.65079365079365,4,12.625080137488897,9.175048082493339
CJ Anderson,7.604366028708134,7.604366028708134,7.604366028708134,7.604366028708134,7.604366028708134,7.604366028708134,9.894736842105264,8.25,7.604366028708134,9.272727272727273,3,11.624302232854864,8.174581339712919
CJ Jordan,6.46303604314654,6.46303604314654,6.46303604314654,6.46303604314654,6.46303604314654,6.46303604314654,6.46303604314654,6.46303604314654,8.81767955801105,8.571428571428571,2,12.04928527580461,8.029571165482768
CJ McKay,4.785714285714286,4.785714285714286,4.785714285714286,4.785714285714286,8.571428571428571,4.785714285714286,4.785714285714286,4.785714285714286,4.785714285714286,4.785714285714286,1,15.214285714285715,9.528571428571428
CK Kapugedera,17.29411764705882,9.14705882352941,9.14705882352941,9.14705882352941,9.14705882352941,9.14705882352941,9.14705882352941,9.14705882352941,9.14705882352941,9.14705882352941,1,10.85294117647059,6.911764705882353
CK Langeveldt,5.592857142857143,3.599999999999999,7.885714285714286,7.885714285714286,5.592857142857143,5.592857142857143,5.592857142857143,5.592857142857143,5.592857142857143,5.592857142857143,3,14.407142857142855,9.844285714285713
CL White,20.57142857142857,11.39142857142857,16.28571428571428,11.39142857142857,8.100000000000001,8.0,11.39142857142857,11.39142857142857,11.39142857142857,11.39142857142857,4,8.60857142857143,6.765142857142858
CR Brathwaite,6.878297141455036,6.878297141455036,6.878297141455036,6.878297141455036,6.878297141455036,6.878297141455036,6.878297141455036,6.878297141455036,8.055944055944057,10.57894736842105,2,11.495603811393286,7.697362286835971
CR Woakes,4.741007194244604,4.741007194244604,4.741007194244604,4.741007194244604,4.741007194244604,4.741007194244604,4.741007194244604,4.741007194244604,4.741007194244604,8.482014388489208,1,14.01199040767386,8.807194244604315
CRD Fernando,7.6875,5.576274104683196,7.041322314049587,5.576274104683196,5.576274104683196,5.576274104683196,5.576274104683196,5.576274104683196,5.576274104683196,5.576274104683196,2,14.423725895316803,9.454235537190081
D du Preez,4.406976744186046,7.813953488372094,4.406976744186046,4.406976744186046,4.406976744186046,4.406976744186046,4.406976744186046,4.406976744186046,4.406976744186046,4.406976744186046,1,15.593023255813954,9.755813953488373
D Kalyankrishna,10.56,5.78,5.78,5.78,5.78,5.78,5.78,5.78,5.78,5.78,1,14.219999999999999,8.931999999999999
D Salunkhe,9.411764705882353,5.205882352941177,5.205882352941177,5.205882352941177,5.205882352941177,5.205882352941177,5.205882352941177,5.205882352941177,5.205882352941177,5.205882352941177,1,14.794117647058822,9.276470588235293
D Wiese,7.044387899349732,7.044387899349732,7.044387899349732,7.044387899349732,7.044387899349732,7.044387899349732,7.044387899349732,8.244274809160306,10.88888888888889,7.044387899349732,2,11.274149467533691,7.564489680520215
DAJ Bracewell,4.34,4.34,4.34,4.34,7.68,4.34,4.34,4.34,4.34,4.34,1,15.66,9.796000000000001
DB Ravi Teja,9.5,6.833333333333333,6.833333333333333,9.0,6.833333333333333,6.833333333333333,6.833333333333333,6.833333333333333,6.833333333333333,6.833333333333333,2,13.166666666666668,8.7
DE Bollinger,6.279334219817506,6.279334219817506,6.621761658031088,7.0,8.495575221238937,6.279334219817506,6.279334219817506,6.279334219817506,6.279334219817506,6.279334219817506,3,13.720665780182493,9.432399468109496
DJ Bravo,7.922651933701659,7.535545023696682,8.555555555555555,7.395348837209302,7.801652892561984,7.729591836734693,7.975633742048684,8.185185185185185,8.655172413793103,7.975633742048684,8,11.728002886324342,10.236801731794605
DJ Harris,4.833333333333333,4.833333333333333,4.833333333333333,4.833333333333333,8.666666666666666,4.833333333333333,4.833333333333333,4.833333333333333,4.833333333333333,4.833333333333333,1,15.166666666666668,9.5
DJ Hooda,7.219523195876288,7.219523195876288,7.219523195876288,7.219523195876288,7.219523195876288,7.219523195876288,7.219523195876288,8.103092783505154,7.275,10.5,3,11.373969072164948,8.024381443298969
DJ Hussey,10.17721518987342,8.16,8.100000000000001,12.66666666666667,7.30909090909091,8.205882352941178,12.66666666666667,9.285690223154857,9.285690223154857,9.285690223154857,7,10.714309776845143,9.228585866107085
DJ Muthuswami,4.357142857142858,4.357142857142858,4.357142857142858,4.357142857142858,4.357142857142858,4.357142857142858,4.357142857142858,7.714285714285715,4.357142857142858,4.357142857142858,1,14.523809523809522,9.114285714285714
DJ Thornely,5.454545454545454,3.227272727272727,3.227272727272727,3.227272727272727,3.227272727272727,3.227272727272727,3.227272727272727,3.227272727272727,3.227272727272727,3.227272727272727,1,16.772727272727273,10.463636363636365
DJG Sammy,7.46385046113307,7.46385046113307,7.46385046113307,7.46385046113307,7.46385046113307,7.347826086956522,10.84090909090909,8.666666666666666,7.46385046113307,7.46385046113307,3,12.135210803689066,8.48112648221344
DL Chahar,6.621212121212122,6.621212121212122,6.621212121212122,6.621212121212122,6.621212121212122,6.621212121212122,6.621212121212122,6.621212121212122,7.636363636363637,10.22727272727273,2,11.838383838383837,7.903030303030303
DL Vettori,6.75,7.914893617021276,8.166666666666668,6.057692307692307,6.820754716981133,6.785001218060231,6.785001218060231,6.785001218060231,6.785001218060231,6.785001218060231,5,13.21499878193977,9.928999269163862
DNT Zoysa,8.695652173913043,4.8478260869565215,4.8478260869565215,4.8478260869565215,4.8478260869565215,4.8478260869565215,4.8478260869565215,4.8478260869565215,4.8478260869565215,4.8478260869565215,1,15.152173913043478,9.491304347826087
DP Nannes,6.593006553079948,7.199999999999998,6.467889908256881,7.44,6.593006553079948,7.857142857142859,6.593006553079948,6.593006553079948,6.593006553079948,6.593006553079948,4,13.406993446920051,9.64419606815203
DP Vijaykumar,7.735849056603773,4.367924528301886,4.367924528301886,4.367924528301886,4.367924528301886,4.367924528301886,4.367924528301886,4.367924528301886,4.367924528301886,4.367924528301886,1,15.632075471698114,9.779245283018868
DR Smith,7.217391304347826,9.035294117647059,9.391304347826088,9.045594454404219,7.443037974683544,11.0625,9.580645161290322,8.5,8.176991150442477,11.04878048780488,9,10.758076120584215,10.05484567235053
DS Kulkarni,7.523316062176167,7.8375,9.600000000000001,7.428571428571429,7.245283018867925,7.714285714285715,7.83815028901734,7.873303167420815,7.373737373737374,8.796610169491526,10,11.985449763116762,11.191269857870058
DT Christian,7.2049689767749285,7.2049689767749285,7.2049689767749285,7.360824742268043,8.520710059171597,8.842105263157894,7.2049689767749285,7.2049689767749285,7.2049689767749285,7.301204819277109,4,12.762952409057679,9.257771445434608
DW Steyn,6.437246963562753,6.305084745762712,6.518324607329843,6.377622377622377,6.020761245674742,5.788235294117647,7.736842105263158,8.844827586206897,7.846153846153847,7.087509877169397,9,12.073836230156619,10.844301738093971
F du Plessis,8.5,8.5,8.5,8.5,16.0,8.5,8.5,8.5,8.5,8.5,1,11.5,7.3
FH Edwards,3.7,6.4,3.7,3.7,3.7,3.7,3.7,3.7,3.7,3.7,1,16.3,10.180000000000001
FY Fazal,5.5,5.5,10.0,5.5,5.5,5.5,5.5,5.5,5.5,5.5,1,14.5,9.1
Gagandeep Singh,10.14285714285714,5.57142857142857,5.57142857142857,5.57142857142857,5.57142857142857,5.57142857142857,5.57142857142857,5.57142857142857,5.57142857142857,5.57142857142857,1,14.42857142857143,9.057142857142859
GB Hogg,7.162209983492323,7.162209983492323,7.162209983492323,7.162209983492323,7.145454545454546,8.857142857142858,7.162209983492323,6.992125984251968,8.816326530612246,7.162209983492323,4,12.343112500547821,9.005867500328694
GD McGrath,6.674772036474164,3.837386018237082,3.837386018237082,3.837386018237082,3.837386018237082,3.837386018237082,3.837386018237082,3.837386018237082,3.837386018237082,3.837386018237082,1,16.162613981762917,10.09756838905775
GH Vihari,3.662162162162162,3.662162162162162,3.662162162162162,3.662162162162162,3.662162162162162,6.324324324324324,3.662162162162162,3.662162162162162,3.662162162162162,3.662162162162162,1,16.33783783783784,10.202702702702704
GJ Maxwell,8.713677191284253,8.713677191284253,8.713677191284253,8.713677191284253,6.947368421052633,12.0,11.4,9.238095238095239,8.836363636363636,6.57391304347826,6,11.783876027354287,9.470325616412572
GR Napier,4.0,7.0,4.0,4.0,4.0,4.0,4.0,4.0,4.0,4.0,1,16.0,10.0
GS Sandhu,5.875,5.875,5.875,5.875,5.875,5.875,5.875,10.75,5.875,5.875,1,12.5,7.9
Gurkeerat Singh,5.408424908424908,5.408424908424908,5.408424908424908,5.408424908424908,5.408424908424908,5.408424908424908,5.408424908424908,7.071428571428571,7.153846153846153,5.408424908424908,2,13.455433455433457,8.873260073260074
Harbhajan Singh,8.129032258064516,6.08955223880597,6.916167664670657,6.823170731707318,6.967164179104479,6.502325581395349,6.517857142857141,7.702005730659025,8.040000000000001,6.534412955465587,10,12.57452710462513,11.544716262775077
Harmeet Singh,7.248022464271842,8.366197183098592,7.033112582781457,7.227272727272727,8.340425531914894,7.521126760563381,7.248022464271842,7.248022464271842,7.248022464271842,7.248022464271842,5,12.751977535728159,9.651186521436895
Harmeet Singh (2),4.58,4.58,4.58,4.58,4.58,8.16,4.58,4.58,4.58,4.58,1,15.42,9.652
HH Pandya,7.466501106996611,7.466501106996611,7.466501106996611,7.466501106996611,7.466501106996611,7.466501106996611,7.466501106996611,9.981308411214954,8.773584905660378,8.11111111111111,3,11.044665190671186,7.8267991144027125
HV Patel,8.508616645538243,8.508616645538243,8.508616645538243,8.508616645538243,8.481927710843374,8.508616645538243,9.971830985915492,7.477941176470588,9.8,10.32,5,10.800686274509804,8.480411764705883
I Malhotra,12.0,12.0,12.0,23.0,12.0,12.0,12.0,12.0,12.0,12.0,1,8.0,5.2
I Sharma,7.849624060150376,6.733333333333333,9.075,7.069090909090909,8.638910151091398,7.55614973262032,8.911764705882353,10.85393258426966,9.34020618556701,10.0,9,9.93528707672111,9.561172246032665
IC Pandey,7.506582633053221,7.506582633053221,7.506582633053221,7.506582633053221,7.506582633053221,12.0,7.788235294117647,7.238095238095237,7.506582633053221,7.506582633053221,3,12.582913165266106,8.749747899159663
IK Pathan,6.446428571428571,7.605095541401274,9.0,7.354166666666666,7.819672131147541,7.447619047619048,8.708333333333332,8.400631529159643,7.625,13.0,9,10.32478949028012,9.794873694168071
Imran Tahir,7.427173007994602,7.427173007994602,7.427173007994602,7.427173007994602,7.427173007994602,7.427173007994602,8.061068702290076,8.590909090909092,8.721649484536082,7.762237762237763,4,11.641734554105687,8.585040732463412
Iqbal Abdulla,7.333333333333334,7.841192979510829,7.294117647058822,6.157377049180328,6.582089552238806,7.539823008849558,9.0,7.438016528925621,8.361290322580645,9.705882352941178,9,11.498270265184185,10.49896215911051
J Botha,6.603072580187771,6.08,6.603072580187771,6.63013698630137,7.266932270916335,6.705882352941177,6.603072580187771,7.935483870967741,6.603072580187771,6.603072580187771,5,12.952790322885573,9.771674193731343
J Suchith,7.923689978083285,7.923689978083285,7.923689978083285,7.923689978083285,7.923689978083285,7.923689978083285,7.923689978083285,8.485355648535565,13.28571428571429,7.923689978083285,2,10.101746695888954,6.861048017533372
J Syed Mohammad,7.388022142898362,7.388022142898362,7.388022142898362,8.43956043956044,9.209302325581396,8.903225806451612,7.388022142898362,7.388022142898362,7.388022142898362,7.388022142898362,3,12.611977857101639,8.767186714260983
J Theron,6.993269946732345,6.993269946732345,7.746835443037975,6.993269946732345,7.764705882352942,6.993269946732345,6.993269946732345,9.461538461538462,6.993269946732345,6.993269946732345,3,12.183973881665615,8.510384328999368
J Yadav,5.3318421443421435,5.3318421443421435,5.3318421443421435,5.3318421443421435,5.3318421443421435,5.3318421443421435,5.3318421443421435,4.142857142857142,7.211538461538462,6.972972972972972,3,13.89087714087714,9.534526284526285
JA Morkel,8.01290322580645,7.951807228915663,8.338983050847459,8.357142857142858,7.466666666666666,6.724832214765101,7.544554455445543,9.162162162162161,11.64705882352941,8.420611068528132,9,10.256722648593433,9.75403358915606
Jaskaran Singh,7.1220442410373765,10.10526315789474,9.26086956521739,7.1220442410373765,7.1220442410373765,7.1220442410373765,7.1220442410373765,7.1220442410373765,7.1220442410373765,7.1220442410373765,2,12.877955758962624,8.526773455377574
JD Ryder,6.975523826742284,6.980769230769232,6.975523826742284,7.595744680851064,10.32558139534884,6.975523826742284,6.975523826742284,6.975523826742284,6.975523826742284,6.975523826742284,3,13.024476173257714,9.01468570395463
JD Unadkat,9.326160038076575,9.326160038076575,8.225806451612902,8.162162162162163,10.66666666666667,7.48494983277592,8.825396825396826,10.0,15.47368421052631,7.096774193548388,8,9.1431805319751,8.68590831918506
JDP Oram,8.94,8.872340425531915,7.954775777414075,11.5,7.954775777414075,6.461538461538462,7.954775777414075,7.954775777414075,7.954775777414075,7.954775777414075,4,12.045224222585926,8.827134533551554
JDS Neesham,5.55263157894737,5.55263157894737,5.55263157894737,5.55263157894737,5.55263157894737,5.55263157894737,10.10526315789474,5.55263157894737,5.55263157894737,5.55263157894737,1,14.44736842105263,9.068421052631578
JE Taylor,4.606557377049181,4.606557377049181,4.606557377049181,8.213114754098362,4.606557377049181,4.606557377049181,4.606557377049181,4.606557377049181,4.606557377049181,4.606557377049181,1,15.393442622950818,9.636065573770491
JEC Franklin,6.548654244306419,6.548654244306419,6.548654244306419,9.428571428571429,8.217391304347826,6.548654244306419,6.548654244306419,6.548654244306419,6.548654244306419,6.548654244306419,2,13.45134575569358,8.870807453416148
JH Kallis,9.156398104265403,7.515570934256056,8.297142857142857,6.8,7.321428571428572,7.422492401215806,8.64179104477612,7.769352989135602,7.769352989135602,7.769352989135602,7,12.230647010864399,10.138388206518638
JJ Bumrah,8.105744115604066,8.105744115604066,8.105744115604066,8.105744115604066,8.105744115604066,9.866666666666667,7.487804878048781,11.26530612244898,7.695652173913043,7.319034852546917,5,11.24000228369702,8.74400137021821
JJ van der Wath,5.789473684210525,5.789473684210525,5.789473684210525,10.57894736842105,5.789473684210525,5.789473684210525,5.789473684210525,5.789473684210525,5.789473684210525,5.789473684210525,1,14.210526315789476,8.926315789473685
JM Kemp,4.202127659574468,4.202127659574468,7.404255319148936,4.202127659574468,4.202127659574468,4.202127659574468,4.202127659574468,4.202127659574468,4.202127659574468,4.202127659574468,1,15.797872340425531,9.87872340425532
JO Holder,7.348590361445782,7.348590361445782,7.348590361445782,7.348590361445782,7.348590361445782,8.303999999999998,10.5,7.348590361445782,7.590361445783132,7.348590361445782,3,12.570819277108434,8.74249156626506
Joginder Sharma,9.151898734177214,7.953488372093022,10.47058823529412,10.2,8.35519506831287,8.35519506831287,8.35519506831287,8.35519506831287,8.35519506831287,8.35519506831287,4,11.64480493168713,8.586882959012277
JP Duminy,7.14176751354411,5.383177570093458,6.727272727272727,8.054054054054054,8.0,7.14176751354411,7.117647058823529,7.177570093457943,7.674418604651163,7.14176751354411,7,12.668747929448926,10.401248757669356
JP Faulkner,8.270107348733056,8.270107348733056,8.270107348733056,5.0,9.061224489795919,6.622784810126583,9.690647482014388,9.245551601423488,9.333333333333334,10.20731707317073,7,10.404599330690816,9.04275959841449
JR Hopes,10.0,6.7979797979797985,6.7979797979797985,8.393939393939394,6.7979797979797985,6.7979797979797985,6.7979797979797985,6.7979797979797985,6.7979797979797985,6.7979797979797985,2,13.2020202020202,8.72121212121212
JW Hastings,5.481203007518797,5.481203007518797,5.481203007518797,5.481203007518797,5.481203007518797,5.481203007518797,9.157894736842106,5.481203007518797,5.285714285714286,5.481203007518797,2,14.583959899749374,9.550375939849625
K Goel,12.5,7.591836734693878,7.0,7.5229591836734695,7.5229591836734695,7.5229591836734695,7.5229591836734695,7.5229591836734695,7.5229591836734695,7.5229591836734695,3,12.477040816326532,8.686224489795919
K Rabada,4.835766423357664,4.835766423357664,4.835766423357664,4.835766423357664,4.835766423357664,4.835766423357664,4.835766423357664,4.835766423357664,4.835766423357664,8.671532846715328,1,13.885644768856448,8.731386861313869
K Santokie,5.85294117647059,5.85294117647059,5.85294117647059,5.85294117647059,5.85294117647059,5.85294117647059,10.70588235294118,5.85294117647059,5.85294117647059,5.85294117647059,1,14.14705882352941,8.888235294117646
K Upadhyay,6.416666666666667,6.416666666666667,6.416666666666667,6.416666666666667,8.25,9.0,6.416666666666667,6.416666666666667,6.416666666666667,6.416666666666667,2,13.583333333333332,8.95
KA Pollard,9.63762537255541,9.63762537255541,7.107296137339056,8.155555555555555,7.384615384615386,8.893401015228427,9.9375,8.962962962962962,13.2972972972973,15.0,8,7.579913246579913,7.747947947947948
KAJ Roach,5.115384615384616,5.115384615384616,9.230769230769232,5.115384615384616,5.115384615384616,5.115384615384616,5.115384615384616,5.115384615384616,5.115384615384616,5.115384615384616,1,14.884615384615383,9.33076923076923
Kamran Khan,8.593482673626214,7.338842975206611,8.368421052631579,15.66666666666667,8.593482673626214,8.593482673626214,8.593482673626214,8.593482673626214,8.593482673626214,8.593482673626214,3,11.406517326373786,8.043910395824271
Karanveer Singh,6.925013683634373,6.925013683634373,6.925013683634373,6.925013683634373,6.925013683634373,6.925013683634373,7.80952380952381,10.96551724137931,6.925013683634373,6.925013683634373,2,11.728151797117315,7.836891078270389
KC Cariappa,8.562310030395135,8.562310030395135,8.562310030395135,8.562310030395135,8.562310030395135,8.562310030395135,8.562310030395135,14.0,9.142857142857142,8.106382978723403,3,9.583586626139818,6.95015197568389
KH Pandya,5.39669767831699,5.39669767831699,5.39669767831699,5.39669767831699,5.39669767831699,5.39669767831699,5.39669767831699,5.39669767831699,7.360824742268043,6.829268292682926,2,13.471069762244014,8.882641857346409
KJ Abbott,5.85294117647059,5.85294117647059,5.85294117647059,5.85294117647059,5.85294117647059,5.85294117647059,5.85294117647059,5.85294117647059,10.70588235294118,5.85294117647059,1,12.52941176470588,7.917647058823528
KK Cooper,6.629324529118858,6.629324529118858,6.629324529118858,6.629324529118858,7.530201342281879,8.023460410557185,7.963636363636365,6.629324529118858,6.629324529118858,6.629324529118858,3,13.370675470881142,9.222405282528687
KMDN Kulasekara,5.585326953748006,5.585326953748006,5.585326953748006,8.210526315789474,6.545454545454545,5.585326953748006,5.585326953748006,5.585326953748006,5.585326953748006,5.585326953748006,2,14.414673046251995,9.448803827751197
KP Appanna,6.5136881475041655,7.583333333333332,7.116279069767442,6.5136881475041655,8.355140186915888,6.5136881475041655,6.5136881475041655,6.5136881475041655,6.5136881475041655,6.5136881475041655,3,13.486311852495835,9.291787111497502
KP Pietersen,6.3125,6.6,7.700000000000001,6.3125,7.949999999999998,6.3125,6.3125,6.3125,6.3125,6.3125,3,13.6875,9.4125
KS Williamson,4.0,4.0,4.0,4.0,4.0,4.0,4.0,4.0,7.0,4.0,1,15.0,9.4
Kuldeep Yadav,6.183423423423423,6.183423423423423,6.183423423423423,6.183423423423423,6.183423423423423,6.183423423423423,6.183423423423423,6.183423423423423,8.27027027027027,8.28,2,12.422102102102102,8.253261261261262
KV Sharma,7.529581791893068,7.529581791893068,7.529581791893068,7.529581791893068,7.529581791893068,6.682464454976303,7.680781758957654,8.485355648535565,10.44,6.888888888888889,5,11.395251820858515,8.837151092515109
KW Richardson,7.150660609332466,7.150660609332466,7.150660609332466,7.150660609332466,7.150660609332466,8.465753424657535,7.508982035928144,7.150660609332466,9.627906976744185,7.150660609332466,3,12.023590601530294,8.414154360918177
L Ablish,7.7407407407407405,7.7407407407407405,8.222222222222223,13.0,7.7407407407407405,7.7407407407407405,7.7407407407407405,7.7407407407407405,7.7407407407407405,7.7407407407407405,2,12.25925925925926,8.155555555555555
L Balaji,8.57560975609756,8.384279475982533,8.73469387755102,8.148936170212766,5.365079365079366,7.69774919614148,8.672985781990521,7.822416702881906,7.822416702881906,7.822416702881906,7,12.177583297118094,10.106549978270857
LA Carseldine,3.071428571428571,5.142857142857142,3.071428571428571,3.071428571428571,3.071428571428571,3.071428571428571,3.071428571428571,3.071428571428571,3.071428571428571,3.071428571428571,1,16.92857142857143,10.557142857142859
LH Ferguson,3.810344827586207,3.810344827586207,3.810344827586207,3.810344827586207,3.810344827586207,3.810344827586207,3.810344827586207,3.810344827586207,3.810344827586207,6.620689655172414,1,15.25287356321839,9.551724137931036
LJ Wright,7.8730158730158735,7.8730158730158735,7.8730158730158735,7.8730158730158735,12.0,9.61904761904762,7.8730158730158735,7.8730158730158735,7.8730158730158735,7.8730158730158735,2,12.126984126984127,8.076190476190476
LMP Simmons,6.166666666666665,6.166666666666665,6.166666666666665,6.166666666666665,6.166666666666665,6.166666666666665,11.33333333333333,6.166666666666665,6.166666666666665,6.166666666666665,1,13.833333333333336,8.700000000000001
LPC Silva,21.0,11.0,11.0,11.0,11.0,11.0,11.0,11.0,11.0,11.0,1,9.0,5.8
LR Shukla,9.692307692307693,6.954545454545455,9.0,7.7262335365783645,6.0,7.333333333333334,9.103448275862068,7.7262335365783645,7.7262335365783645,7.7262335365783645,6,12.273766463421634,9.764259878052979
LRPL Taylor,8.047619047619046,11.14285714285714,8.047619047619046,11.0,8.047619047619046,8.047619047619046,8.047619047619046,8.047619047619046,8.047619047619046,8.047619047619046,2,11.952380952380954,7.971428571428572
M Ashwin,4.676136363636363,4.676136363636363,4.676136363636363,4.676136363636363,4.676136363636363,4.676136363636363,4.676136363636363,4.676136363636363,8.352272727272727,4.676136363636363,1,14.098484848484848,8.85909090909091
M de Lange,6.915865384615383,6.915865384615383,6.915865384615383,6.915865384615383,10.125,6.915865384615383,7.615384615384614,6.923076923076922,6.915865384615383,6.915865384615383,3,13.08173076923077,9.049038461538462
M Kartik,8.898876404494382,5.914285714285715,6.57983193277311,7.846153846153847,7.120000000000001,7.219917012448132,11.14285714285714,7.71524025662654,7.71524025662654,7.71524025662654,7,12.28475974337346,10.170855846024077
M Manhas,3.5,3.5,3.5,6.0,3.5,3.5,3.5,3.5,3.5,3.5,1,16.5,10.3
M Morkel,7.5281753791111266,5.454545454545454,8.608695652173912,7.357664233576642,7.187660668380463,8.2834008097166,7.39672131147541,7.310344827586206,8.154545454545454,7.5281753791111266,8,12.335644779585738,10.601386867751444
M Muralitharan,6.764227642276422,5.269736842105263,6.980392156862745,7.435897435897436,6.465306122448981,8.170212765957446,7.575757575757575,6.957691317663233,6.957691317663233,6.957691317663233,7,13.042308682336767,10.62538520940206
M Ntini,7.23943661971831,4.119718309859155,4.119718309859155,4.119718309859155,4.119718309859155,4.119718309859155,4.119718309859155,4.119718309859155,4.119718309859155,4.119718309859155,1,15.880281690140844,9.928169014084506
M Vijay,7.464285714285714,7.464285714285714,7.464285714285714,7.464285714285714,7.464285714285714,7.464285714285714,13.0,7.0,6.857142857142857,7.464285714285714,3,12.892857142857142,8.935714285714287
MA Khote,10.4,5.7,5.7,5.7,5.7,5.7,5.7,5.7,5.7,5.7,1,14.3,8.98
MA Starc,5.381372549019608,5.381372549019608,5.381372549019608,5.381372549019608,5.381372549019608,5.381372549019608,7.394117647058824,6.75,5.381372549019608,5.381372549019608,2,14.162418300653595,9.297450980392156
Mashrafe Mortaza,6.82142857142857,12.64285714285714,6.82142857142857,6.82142857142857,6.82142857142857,6.82142857142857,6.82142857142857,6.82142857142857,6.82142857142857,6.82142857142857,1,13.17857142857143,8.307142857142859
MB Parmar,5.710526315789475,5.710526315789475,10.42105263157895,5.710526315789475,5.710526315789475,5.710526315789475,5.710526315789475,5.710526315789475,5.710526315789475,5.710526315789475,1,14.289473684210524,8.973684210526315
MC Henriques,8.25607349929511,8.447368421052632,8.75,8.25607349929511,8.25607349929511,8.5,9.142857142857142,6.26751592356688,7.886792452830189,10.05405405405405,7,11.930545856516295,9.958327513909776
MF Maharoof,6.76991150442478,6.090909090909091,8.456375838926174,6.079299108565011,6.079299108565011,6.079299108565011,6.079299108565011,6.079299108565011,6.079299108565011,6.079299108565011,3,13.92070089143499,9.552420534860994
MG Johnson,7.564650125553022,7.564650125553022,7.564650125553022,7.564650125553022,7.564650125553022,7.012406947890819,7.941176470588236,8.987012987012987,9.391304347826088,7.055999999999999,5,11.52189422172031,8.913136533032185
MG Neser,7.94,7.94,7.94,7.94,7.94,14.88,7.94,7.94,7.94,7.94,1,12.059999999999999,7.635999999999998
MJ Clarke,3.7727272727272725,3.7727272727272725,3.7727272727272725,3.7727272727272725,6.545454545454545,3.7727272727272725,3.7727272727272725,3.7727272727272725,3.7727272727272725,3.7727272727272725,1,16.227272727272727,10.136363636363637
MJ Henry,7.370967741935485,7.370967741935485,7.370967741935485,7.370967741935485,7.370967741935485,7.370967741935485,7.370967741935485,7.370967741935485,7.370967741935485,13.74193548387097,1,10.50537634408602,6.703225806451613
MJ McClenaghan,6.9473243651727365,6.9473243651727365,6.9473243651727365,6.9473243651727365,6.9473243651727365,6.9473243651727365,6.9473243651727365,7.77049180327869,8.1144578313253,8.904347826086957,3,11.73690084643635,8.24214050786181
MK Tiwary,9.80879120879121,11.0,9.428571428571429,10.61538461538461,9.80879120879121,9.80879120879121,14.0,9.80879120879121,9.80879120879121,9.80879120879121,4,10.19120879120879,7.714725274725273
MM Patel,7.553571428571429,6.743119266055047,9.076923076923077,6.875379939209727,7.791666666666668,9.098901098901099,7.803159470255166,7.803159470255166,7.803159470255166,8.285714285714285,7,12.035988924591795,10.021593354755078
MM Sharma,7.508465794439249,7.508465794439249,7.508465794439249,7.508465794439249,7.508465794439249,6.308681672025723,8.462962962962964,8.262857142857143,8.092105263157894,8.92418772563177,5,11.573616622784398,8.944169973670638
MN Samuels,7.472765151515151,7.472765151515151,7.472765151515151,7.472765151515151,7.397727272727273,8.16,7.472765151515151,7.472765151515151,7.472765151515151,11.33333333333333,3,11.24037878787879,7.944227272727273
Mohammad Asif,9.256281407035175,5.128140703517587,5.128140703517587,5.128140703517587,5.128140703517587,5.128140703517587,5.128140703517587,5.128140703517587,5.128140703517587,5.128140703517587,1,14.871859296482413,9.323115577889448
Mohammad Hafeez,6.761904761904762,3.880952380952381,3.880952380952381,3.880952380952381,3.880952380952381,3.880952380952381,3.880952380952381,3.880952380952381,3.880952380952381,3.880952380952381,1,16.11904761904762,10.071428571428573
Mohammad Nabi,3.1818181818181817,3.1818181818181817,3.1818181818181817,3.1818181818181817,3.1818181818181817,3.1818181818181817,3.1818181818181817,3.1818181818181817,3.1818181818181817,5.363636363636363,1,16.09090909090909,10.054545454545453
Mohammed Shami,7.83230206017994,7.83230206017994,7.83230206017994,7.83230206017994,7.83230206017994,8.31578947368421,8.135231316725978,7.83230206017994,9.692307692307693,9.018181818181818,4,11.15240280977685,8.29144168586611
Mohammed Siraj,5.053191489361702,5.053191489361702,5.053191489361702,5.053191489361702,5.053191489361702,5.053191489361702,5.053191489361702,5.053191489361702,5.053191489361702,9.106382978723405,1,13.595744680851062,8.557446808510637
MP Stoinis,6.7840579710144935,6.7840579710144935,6.7840579710144935,6.7840579710144935,6.7840579710144935,6.7840579710144935,6.7840579710144935,6.7840579710144935,8.7,9.652173913043478,2,11.621256038647344,7.772753623188406
MR Marsh,6.68366006134544,6.68366006134544,8.34375,7.116279069767442,6.68366006134544,9.049180327868852,6.68366006134544,6.68366006134544,4.909090909090909,6.68366006134544,4,13.90786298940607,9.944717793643642
MS Gony,7.374663072776282,9.700934579439252,10.82352941176471,9.381818181818183,8.62251655629139,8.948571428571428,9.331504153832656,9.331504153832656,9.331504153832656,12.8,7,9.512330564111563,8.507398338466938
Mustafizur Rahman,6.9379432624113475,6.9379432624113475,6.9379432624113475,6.9379432624113475,6.9379432624113475,6.9379432624113475,6.9379432624113475,6.9379432624113475,6.813829787234043,12.0,2,11.416075650118204,7.649645390070923
N Rana,2.0,2.0,2.0,2.0,2.0,2.0,2.0,2.0,3.0,2.0,1,17.666666666666668,11.0
NB Singh,2.66,2.66,2.66,2.66,2.66,2.66,2.66,2.66,2.66,4.32,1,16.786666666666665,10.472
ND Doshi,5.901666666666666,5.901666666666666,4.08,11.625,5.901666666666666,5.901666666666666,5.901666666666666,5.901666666666666,5.901666666666666,5.901666666666666,2,14.098333333333333,9.259
NJ Rimmington,3.833333333333334,3.833333333333334,3.833333333333334,6.666666666666668,3.833333333333334,3.833333333333334,3.833333333333334,3.833333333333334,3.833333333333334,3.833333333333334,1,16.166666666666664,10.099999999999998
NL McCullum,4.0,4.0,4.0,7.0,4.0,4.0,4.0,4.0,4.0,4.0,1,16.0,10.0
NLTC Perera,10.046150754662913,10.046150754662913,19.0,7.953488372093022,10.8,7.967479674796747,10.046150754662913,8.91891891891892,9.683168316831683,10.046150754662913,6,10.450587336528828,8.670352401917297
NM Coulter-Nile,6.879276117744766,6.879276117744766,6.879276117744766,6.879276117744766,6.879276117744766,6.959999999999999,6.230769230769232,7.522727272727273,7.741935483870968,7.820224719101124,5,12.305037508100213,9.383022504860127
P Amarnath,10.95454545454545,5.977272727272725,5.977272727272725,5.977272727272725,5.977272727272725,5.977272727272725,5.977272727272725,5.977272727272725,5.977272727272725,5.977272727272725,1,14.022727272727277,8.813636363636366
P Awana,7.11327408857942,7.11327408857942,7.11327408857942,7.11327408857942,7.743243243243244,7.518072289156628,10.19178082191781,7.11327408857942,7.11327408857942,7.11327408857942,3,12.88672591142058,8.932035546852347
P Kumar,8.203636363636363,7.711538461538462,8.166666666666668,7.484098939929329,6.759493670886076,6.677966101694916,6.657534246575342,8.817391304347826,7.673981191222571,8.555555555555555,10,11.651023982958016,10.990614389774809
P Negi,7.693368839349825,7.693368839349825,7.693368839349825,7.693368839349825,6.902255639097743,6.461538461538462,10.6046511627907,8.491803278688526,9.333333333333334,6.06,6,12.038287795992716,9.62297267759563
P Parameswaran,6.362376676643389,6.362376676643389,6.362376676643389,8.474226804123711,8.612903225806452,6.362376676643389,6.362376676643389,6.362376676643389,6.362376676643389,6.362376676643389,2,13.63762332335661,8.982573994013967
P Prasanth,9.5,9.5,9.5,18.0,9.5,9.5,9.5,9.5,9.5,9.5,1,10.5,6.7
P Sahu,4.761682242990654,4.761682242990654,4.761682242990654,4.761682242990654,4.761682242990654,4.761682242990654,4.761682242990654,4.761682242990654,8.523364485981308,4.761682242990654,1,13.984423676012462,8.790654205607478
P Suyal,7.158483896307935,7.158483896307935,7.158483896307935,7.158483896307935,7.158483896307935,6.947368421052633,10.0,8.686567164179104,7.158483896307935,7.158483896307935,3,12.332155014401675,8.599293008641004
Pankaj Singh,10.18421052631579,8.666666666666666,9.764705882352942,12.0,8.078740157480315,8.94905387213595,8.94905387213595,8.94905387213595,8.94905387213595,8.94905387213595,5,11.05094612786405,8.63056767671843
Parvez Rasool,6.835714285714286,6.835714285714286,6.835714285714286,6.835714285714286,6.835714285714286,5.8,8.892857142857142,6.200000000000001,9.285714285714286,6.835714285714286,4,12.55952380952381,9.135714285714286
PC Valthaty,8.598639455782314,8.598639455782314,8.598639455782314,7.795918367346939,16.0,8.598639455782314,8.598639455782314,8.598639455782314,8.598639455782314,8.598639455782314,2,11.401360544217686,7.6408163265306115
PD Collingwood,3.8666666666666667,3.8666666666666667,6.733333333333333,3.8666666666666667,3.8666666666666667,3.8666666666666667,3.8666666666666667,3.8666666666666667,3.8666666666666667,3.8666666666666667,1,16.133333333333333,10.08
PJ Cummins,6.943201478452343,6.943201478452343,6.943201478452343,6.943201478452343,6.943201478452343,6.943201478452343,7.25,9.363636363636363,6.943201478452343,8.15916955017301,3,11.844664202579429,8.306798521547657
PJ Sangwan,8.55483870967742,7.555555555555556,7.839195979899499,9.346426053368832,10.08,12.0,9.346426053368832,9.346426053368832,11.76,9.98181818181818,7,9.63725192160433,8.582351152962598
PM Sarvesh Kumar,8.129032258064516,4.564516129032258,4.564516129032258,4.564516129032258,4.564516129032258,4.564516129032258,4.564516129032258,4.564516129032258,4.564516129032258,4.564516129032258,1,15.435483870967742,9.661290322580644
PP Chawla,8.307692307692307,7.010989010989011,7.520270270270271,8.063241106719367,7.369942196531792,7.380681818181819,7.663865546218487,7.783018867924529,7.583333333333332,8.803278688524589,10,11.943456370072516,11.16607382204351
PP Ojha,7.601694915254237,6.587155963302752,7.316666666666667,7.526785714285715,7.161290322580647,7.377358490566039,8.191489361702127,11.5,7.91804904826202,7.91804904826202,8,10.887967301158653,9.732780380695193
PV Tambe,7.163058569578956,7.163058569578956,7.163058569578956,7.163058569578956,7.163058569578956,7.91304347826087,7.203947368421052,7.852941176470588,8.845360824742269,7.163058569578956,4,12.046213143069398,8.82772788584164
R Ashwin,6.324401728877754,3.5,6.222222222222221,6.202597402597402,6.55223880597015,6.728813559322036,7.060686015831135,5.725000000000001,6.928057553956835,6.324401728877754,8,13.674180239055136,11.404508143433082
R Bhatia,8.28358208955224,6.902255639097743,8.326530612244898,6.587628865979382,7.430340557275541,7.533834586466166,7.422413793103448,9.4,7.182692307692307,7.674418604651163,10,11.914296362552177,11.148577817531306
R Dhawan,6.954489841239626,6.954489841239626,6.954489841239626,6.954489841239626,6.954489841239626,7.263157894736842,7.612244897959183,8.430379746835442,7.466666666666666,6.954489841239626,4,12.382821248419422,9.029692749051653
R McLaren,8.26775066269505,8.26775066269505,7.841860465116279,9.837837837837837,8.26775066269505,12.39130434782609,8.26775066269505,8.26775066269505,8.26775066269505,8.26775066269505,3,11.73224933730495,8.239349602382969
R Ninan,5.916666666666665,5.916666666666665,5.916666666666665,10.83333333333333,5.916666666666665,5.916666666666665,5.916666666666665,5.916666666666665,5.916666666666665,5.916666666666665,1,14.083333333333336,8.850000000000001
R Rampaul,5.006915629322268,5.006915629322268,5.006915629322268,5.006915629322268,5.006915629322268,7.020746887966805,6.0,5.006915629322268,5.006915629322268,5.006915629322268,2,14.993084370677732,9.795850622406638
R Sathish,8.756137021871567,8.756137021871567,9.529411764705882,7.935483870967741,8.756137021871567,13.0,8.756137021871567,8.756137021871567,9.31578947368421,8.756137021871567,4,11.05731216085755,8.23438729651453
R Sharma,7.411932587135183,7.411932587135183,8.095238095238095,5.52317880794702,8.169642857142858,6.850202429149797,10.83333333333333,7.411932587135183,7.411932587135183,7.411932587135183,5,12.588067412864817,9.55284044771889
R Shukla,8.255983974249222,8.255983974249222,8.255983974249222,8.255983974249222,10.10526315789474,9.056603773584907,10.86206896551724,8.255983974249222,8.255983974249222,8.255983974249222,3,11.744016025750778,8.246409615450466
R Tewatia,6.333333333333332,6.333333333333332,6.333333333333332,6.333333333333332,6.333333333333332,6.333333333333332,6.436363636363637,10.33333333333333,6.333333333333332,5.563636363636363,3,12.589898989898991,8.753939393939394
R Vinay Kumar,7.78723404255319,8.231155778894472,8.535211267605634,7.446043165467627,8.46242774566474,8.307692307692307,9.092783505154639,8.399999999999999,6.842105263157895,9.3,10,11.819298245614036,11.091578947368422
RA Jadeja,9.692307692307693,6.5,8.026131963398761,7.057471264367815,7.722222222222221,7.465648854961832,8.060240963855422,7.767441860465116,7.773279352226721,9.222707423580786,9,11.745523787909127,10.647314272745476
RA Shaikh,6.0,11.0,6.0,6.0,6.0,6.0,6.0,6.0,6.0,6.0,1,14.0,8.8
RA Tripathi,6.5,6.5,6.5,6.5,6.5,6.5,6.5,6.5,6.5,12.0,1,11.666666666666666,7.4
Rashid Khan,3.8658536585365857,3.8658536585365857,3.8658536585365857,3.8658536585365857,3.8658536585365857,3.8658536585365857,3.8658536585365857,3.8658536585365857,3.8658536585365857,6.731707317073171,1,15.178861788617887,9.507317073170732
RD Chahar,4.3478260869565215,4.3478260869565215,4.3478260869565215,4.3478260869565215,4.3478260869565215,4.3478260869565215,4.3478260869565215,4.3478260869565215,4.3478260869565215,7.695652173913043,1,14.536231884057973,9.121739130434785
RE van der Merwe,6.167981621956355,7.55023923444976,6.0,6.197802197802199,5.901639344262295,6.35820895522388,6.167981621956355,6.167981621956355,6.167981621956355,6.167981621956355,5,13.832018378043646,10.299211026826189
RG More,5.60810810810811,5.60810810810811,5.60810810810811,5.60810810810811,5.60810810810811,5.60810810810811,5.60810810810811,10.21621621621622,5.60810810810811,5.60810810810811,1,12.855855855855854,8.113513513513514
RG Sharma,6.24,6.985714285714286,8.016806722689076,12.72,16.0,4.0,8.666666666666666,8.703648459383754,8.703648459383754,8.703648459383754,7,11.296351540616246,9.577810924369748
RJ Harris,6.889961148224347,7.34375,7.353846153846154,8.155932203389831,7.486238532110091,6.0,6.889961148224347,6.889961148224347,6.889961148224347,6.889961148224347,5,13.110038851775652,9.86602331106539
RJ Peterson,4.875,4.875,4.875,4.875,8.75,4.875,4.875,4.875,4.875,4.875,1,15.125,9.475
RN ten Doeschate,6.0476190476190474,6.0476190476190474,6.0476190476190474,6.0,6.857142857142857,8.0,7.0,3.428571428571428,6.0476190476190474,6.0476190476190474,5,14.825396825396826,10.895238095238096
RP Singh,8.473846153846154,6.753926701570681,8.68421052631579,6.974522292993632,7.569230769230769,8.03187250996016,7.810951119239649,7.810951119239649,9.0,7.810951119239649,7,11.792699253840235,9.87561955230414
RR Bhatkal,9.25,9.25,9.25,9.25,17.5,9.25,9.25,9.25,9.25,9.25,1,10.75,6.85
RR Bose,6.5,12.0,6.5,6.5,6.5,6.5,6.5,6.5,6.5,6.5,1,13.5,8.5
RR Powar,7.246753246753246,6.272727272727273,6.791666666666666,9.333333333333334,10.66666666666667,7.551857864357866,7.551857864357866,7.551857864357866,7.551857864357866,7.551857864357866,5,12.448142135642133,9.46888528138528
RR Raje,8.352941176470587,10.28571428571428,6.879551820728288,6.879551820728288,6.879551820728288,6.879551820728288,6.879551820728288,6.879551820728288,6.879551820728288,6.879551820728288,2,13.120448179271712,8.672268907563026
RS Bopara,6.102134146341464,3.75,9.658536585365855,6.102134146341464,6.102134146341464,6.102134146341464,6.102134146341464,8.0,6.102134146341464,6.102134146341464,3,13.265243902439025,9.159146341463416
RS Gavaskar,4.5,4.5,8.0,4.5,4.5,4.5,4.5,4.5,4.5,4.5,1,15.5,9.7
RV Gomez,5.08058608058608,5.08058608058608,5.08058608058608,8.241758241758241,5.08058608058608,5.0,5.08058608058608,5.08058608058608,5.08058608058608,5.08058608058608,2,14.91941391941392,9.751648351648353
RW Price,6.0,6.0,6.0,11.0,6.0,6.0,6.0,6.0,6.0,6.0,1,14.0,8.8
S Aravind,8.691965892294839,8.691965892294839,8.691965892294839,7.854166666666666,16.0,8.691965892294839,8.691965892294839,7.199999999999998,7.318681318681319,8.778947368421054,5,12.234123770965876,9.340474262579525
S Badree,6.523213062343,6.523213062343,6.523213062343,6.523213062343,6.523213062343,8.399999999999999,7.103448275862069,6.523213062343,6.523213062343,7.589403973509934,3,13.121389967268023,9.072833980360814
S Dhawan,5.90990990990991,5.90990990990991,5.90990990990991,6.0,9.72972972972973,5.90990990990991,5.90990990990991,5.90990990990991,5.90990990990991,5.90990990990991,2,14.09009009009009,9.254054054054055
S Gopal,6.981297134238309,6.981297134238309,6.981297134238309,6.981297134238309,6.981297134238309,6.981297134238309,7.976470588235295,10.61538461538461,6.333333333333334,6.981297134238309,3,12.02332830568125,8.413996983408751
S Kaul,7.234215588081781,7.234215588081781,7.234215588081781,7.234215588081781,7.234215588081781,7.759398496240602,9.951219512195122,7.234215588081781,7.234215588081781,8.226244343891402,3,12.435108159981677,8.661064895989005
S Kaushik,6.6190278928472805,6.6190278928472805,6.6190278928472805,6.6190278928472805,6.6190278928472805,6.6190278928472805,6.6190278928472805,6.6190278928472805,8.23943661971831,9.617647058823529,2,11.841296142870293,7.904777685722176
S Ladda,8.594260869565218,8.594260869565218,9.391304347826088,10.08,8.594260869565218,9.0,8.594260869565218,8.594260869565218,10.5,8.594260869565218,4,10.770492753623188,8.062295652173912
S Nadeem,7.028101618444128,7.028101618444128,7.028101618444128,7.565217391304349,6.981818181818181,5.932584269662923,8.017021276595745,5.863636363636363,8.373626373626372,6.49090909090909,7,13.09060939060939,10.654365634365636
S Narwal,6.852813852813852,6.852813852813852,11.27272727272727,6.852813852813852,6.852813852813852,7.285714285714285,6.852813852813852,6.852813852813852,6.852813852813852,6.852813852813852,2,13.147186147186147,8.688311688311689
S Rana,4.333333333333333,4.333333333333333,4.333333333333333,3.0,4.333333333333333,4.333333333333333,8.0,4.333333333333333,4.333333333333333,4.333333333333333,2,15.666666666666668,10.2
S Randiv,4.216666666666667,4.216666666666667,4.216666666666667,7.433333333333334,4.216666666666667,4.216666666666667,4.216666666666667,4.216666666666667,4.216666666666667,4.216666666666667,1,15.783333333333333,9.870000000000001
S Sreesanth,8.150602409638555,8.110344827586207,8.953125,6.174757281553398,7.322157860972831,7.544117647058823,7.322157860972831,7.322157860972831,7.322157860972831,7.322157860972831,5,12.67784213902717,9.606705283416302
S Sriram,13.0,13.0,12.0,25.0,13.0,13.0,13.0,13.0,13.0,13.0,2,7.0,5.0
S Tyagi,6.247258225324028,7.271186440677967,9.470588235294118,6.247258225324028,6.247258225324028,6.247258225324028,6.247258225324028,6.247258225324028,6.247258225324028,6.247258225324028,2,13.752741774675972,9.051645064805584
S Vidyut,10.15384615384615,5.576923076923075,5.576923076923075,5.576923076923075,5.576923076923075,5.576923076923075,5.576923076923075,5.576923076923075,5.576923076923075,5.576923076923075,1,14.423076923076923,9.053846153846155
SA Abbott,5.84375,5.84375,5.84375,5.84375,5.84375,5.84375,5.84375,10.6875,5.84375,5.84375,1,12.541666666666668,7.925
SA Yadav,4.5,4.5,4.5,4.5,4.5,4.5,8.0,4.5,4.5,4.5,1,15.5,9.7
Sachin Baby,2.9000000000000004,2.9000000000000004,2.9000000000000004,2.9000000000000004,2.9000000000000004,2.9000000000000004,2.9000000000000004,2.9000000000000004,4.800000000000001,2.9000000000000004,1,16.466666666666665,10.279999999999998
Sandeep Sharma,7.268482337273561,7.268482337273561,7.268482337273561,7.268482337273561,7.268482337273561,7.959183673469387,8.423529411764704,6.92604501607717,7.262135922330098,8.040000000000001,5,12.590606353864242,9.554363812318545
SB Bangar,8.666666666666666,4.833333333333333,4.833333333333333,4.833333333333333,4.833333333333333,4.833333333333333,4.833333333333333,4.833333333333333,4.833333333333333,4.833333333333333,1,15.166666666666668,9.5
SB Jakati,8.490781517767834,7.714285714285715,7.758620689655173,7.53903345724907,8.153225806451612,8.490781517767834,11.18181818181818,8.490781517767834,8.829268292682926,9.75,7,10.97665006318308,9.385990037909847
SB Joshi,8.945454545454545,4.972727272727273,4.972727272727273,4.972727272727273,4.972727272727273,4.972727272727273,4.972727272727273,4.972727272727273,4.972727272727273,4.972727272727273,1,15.027272727272727,9.416363636363636
SB Styris,7.221556886227545,7.836734693877552,7.764572895026275,13.0,7.764572895026275,7.764572895026275,7.764572895026275,7.764572895026275,7.764572895026275,7.764572895026275,3,12.235427104973727,8.541256262984238
SB Wagh,8.568627450980392,8.568627450980392,16.0,7.705882352941178,8.568627450980392,8.568627450980392,8.568627450980392,8.568627450980392,8.568627450980392,8.568627450980392,2,11.431372549019608,7.658823529411765
SC Ganguly,6.545454545454545,8.054794520547945,10.32,7.692246534511973,9.540983606557377,7.692246534511973,7.692246534511973,7.692246534511973,7.692246534511973,7.692246534511973,4,12.307753465488027,8.984652079292816
SD Chitnis,9.789473684210526,5.394736842105263,5.394736842105263,5.394736842105263,5.394736842105263,5.394736842105263,5.394736842105263,5.394736842105263,5.394736842105263,5.394736842105263,1,14.605263157894736,9.163157894736841
SE Bond,4.034031413612565,4.034031413612565,7.068062827225131,4.034031413612565,4.034031413612565,4.034031413612565,4.034031413612565,4.034031413612565,4.034031413612565,4.034031413612565,1,15.965968586387435,9.97958115183246
Shahid Afridi,7.686486486486487,4.3432432432432435,4.3432432432432435,4.3432432432432435,4.3432432432432435,4.3432432432432435,4.3432432432432435,4.3432432432432435,4.3432432432432435,4.3432432432432435,1,15.656756756756756,9.794054054054055
Shakib Al Hasan,7.622311157434763,7.622311157434763,7.622311157434763,6.721518987341772,6.583783783783784,7.622311157434763,6.625407166123779,8.292134831460675,7.800000000000002,11.33333333333333,6,10.858177278401998,8.9149063670412
Shivam Sharma,8.076388888888891,8.076388888888891,8.076388888888891,8.076388888888891,8.076388888888891,8.076388888888891,7.5625,14.66666666666667,8.076388888888891,8.076388888888891,2,9.72685185185185,6.63611111111111
Shoaib Ahmed,4.985436893203883,8.970873786407767,4.985436893203883,4.985436893203883,4.985436893203883,4.985436893203883,4.985436893203883,4.985436893203883,4.985436893203883,4.985436893203883,1,15.014563106796118,9.40873786407767
Shoaib Akhtar,7.043478260869566,4.021739130434783,4.021739130434783,4.021739130434783,4.021739130434783,4.021739130434783,4.021739130434783,4.021739130434783,4.021739130434783,4.021739130434783,1,15.978260869565217,9.98695652173913
Shoaib Malik,9.0,5.0,5.0,5.0,5.0,5.0,5.0,5.0,5.0,5.0,1,15.0,9.4
SJ Srivastava,6.476182116104869,6.476182116104869,8.662921348314608,8.765625,6.476182116104869,6.476182116104869,6.476182116104869,6.476182116104869,6.476182116104869,6.476182116104869,2,13.52381788389513,8.914290730337077
SK Raina,9.0,6.071856287425151,7.387755102040817,7.248554913294797,7.482352941176471,11.5,7.431192660550457,7.23076923076923,8.262295081967213,8.5,10,12.00231189575452,11.201387137452713
SK Trivedi,8.14,7.414634146341465,7.321100917431193,8.223214285714285,7.166666666666666,6.929347826086957,7.313566263177224,7.313566263177224,7.313566263177224,7.313566263177224,6,12.686433736822774,10.011860242093665
SK Warne,7.692789968652037,7.073482428115017,7.652459016393442,6.251748251748253,6.534095932981749,6.534095932981749,6.534095932981749,6.534095932981749,6.534095932981749,6.534095932981749,4,13.46590406701825,9.67954244021095
SL Malinga,6.91570572278703,6.147239263803681,6.967741935483872,5.939546599496222,6.068376068376068,7.223880597014926,6.592592592592593,7.19047619047619,6.91570572278703,8.11149825783972,8,12.594106609632352,10.756463965779412
SM Boland,4.406976744186046,4.406976744186046,4.406976744186046,4.406976744186046,4.406976744186046,4.406976744186046,4.406976744186046,4.406976744186046,7.813953488372094,4.406976744186046,1,14.45736434108527,9.074418604651163
SM Harwood,3.813432835820896,6.626865671641792,3.813432835820896,3.813432835820896,3.813432835820896,3.813432835820896,3.813432835820896,3.813432835820896,3.813432835820896,3.813432835820896,1,16.186567164179102,10.111940298507461
SM Pollock,6.578571428571429,3.7892857142857146,3.7892857142857146,3.7892857142857146,3.7892857142857146,3.7892857142857146,3.7892857142857146,3.7892857142857146,3.7892857142857146,3.7892857142857146,1,16.210714285714285,10.126428571428571
SMSM Senanayake,3.7461538461538466,3.7461538461538466,3.7461538461538466,3.7461538461538466,3.7461538461538466,6.492307692307693,3.7461538461538466,3.7461538461538466,3.7461538461538466,3.7461538461538466,1,16.253846153846155,10.152307692307692
SN Thakur,7.236122733612273,7.236122733612273,7.236122733612273,7.236122733612273,7.236122733612273,7.236122733612273,7.236122733612273,11.7,7.236122733612273,8.00836820083682,2,11.018503021850302,7.411101813110181
Sohail Tanvir,6.226415094339623,3.6132075471698113,3.6132075471698113,3.6132075471698113,3.6132075471698113,3.6132075471698113,3.6132075471698113,3.6132075471698113,3.6132075471698113,3.6132075471698113,1,16.38679245283019,10.232075471698113
SP Narine,6.4462176022391215,6.4462176022391215,6.4462176022391215,6.4462176022391215,5.579831932773109,5.472868217054264,6.612244897959183,7.530612244897959,7.099236641221375,6.828729281767955,6,12.847140610704237,10.108284366422541
SPD Smith,8.0,8.0,8.0,8.0,15.0,8.0,8.0,8.0,8.0,8.0,1,12.0,7.6
SR Tendulkar,5.283783783783783,9.567567567567567,5.283783783783783,5.283783783783783,5.283783783783783,5.283783783783783,5.283783783783783,5.283783783783783,5.283783783783783,5.283783783783783,1,14.716216216216218,9.22972972972973
SR Watson,6.88953488372093,7.797711171432252,7.985611510791366,6.584070796460177,6.875,7.4765625,7.567164179104477,8.487046632124352,8.166666666666668,8.945454545454545,9,11.466944051918146,10.480166431150888
SS Agarwal,5.75,5.75,5.75,5.75,5.75,5.75,5.75,5.75,5.75,10.5,1,12.666666666666668,8.0
SS Mundhe,3.071428571428571,3.071428571428571,3.071428571428571,5.142857142857142,3.071428571428571,3.071428571428571,3.071428571428571,3.071428571428571,3.071428571428571,3.071428571428571,1,16.92857142857143,10.557142857142859
SS Sarkar,4.58,8.16,4.58,4.58,4.58,4.58,4.58,4.58,4.58,4.58,1,15.42,9.652
ST Jayasuriya,7.700787401574803,8.319327731092436,7.418181818181818,6.609574237712264,6.609574237712264,6.609574237712264,6.609574237712264,6.609574237712264,6.609574237712264,6.609574237712264,3,13.390425762287737,9.234255457372644
STR Binny,8.021660220441639,8.021660220441639,9.0,10.56,7.800000000000002,6.563758389261745,7.222222222222222,7.210084033613446,7.730769230769232,8.108108108108109,8,12.317012875836404,10.590207725501843
Sunny Gupta,7.921052631578945,7.921052631578945,7.921052631578945,7.921052631578945,14.84210526315789,7.921052631578945,7.921052631578945,7.921052631578945,7.921052631578945,7.921052631578945,1,12.078947368421055,7.647368421052633
SW Tait,6.958451494315296,6.958451494315296,8.019512195121951,8.058823529411764,5.885350318471337,8.82857142857143,6.958451494315296,6.958451494315296,6.958451494315296,6.958451494315296,4,13.041548505684705,9.424929103410824
Swapnil Singh,6.726098191214471,6.726098191214471,6.726098191214471,6.726098191214471,6.726098191214471,6.726098191214471,6.726098191214471,6.726098191214471,9.666666666666668,8.511627906976745,2,11.698535745047371,7.819121447028422
T Henderson,3.916666666666666,6.833333333333332,3.916666666666666,3.916666666666666,3.916666666666666,3.916666666666666,3.916666666666666,3.916666666666666,3.916666666666666,3.916666666666666,1,16.083333333333336,10.05
T Natarajan,4.7439024390243905,4.7439024390243905,4.7439024390243905,4.7439024390243905,4.7439024390243905,4.7439024390243905,4.7439024390243905,4.7439024390243905,4.7439024390243905,8.487804878048781,1,14.008130081300813,8.804878048780488
T Shamsi,5.21875,5.21875,5.21875,5.21875,5.21875,5.21875,5.21875,5.21875,9.4375,5.21875,1,13.375,8.425
T Thushara,5.298156028368795,7.32,6.574468085106384,5.298156028368795,5.298156028368795,5.298156028368795,5.298156028368795,5.298156028368795,5.298156028368795,5.298156028368795,2,14.701843971631206,9.621106382978724
TA Boult,7.230662983425415,7.230662983425415,7.230662983425415,7.230662983425415,7.230662983425415,7.230662983425415,7.230662983425415,7.922651933701659,9.0,9.0,3,11.359116022099448,8.015469613259668
Tejas Baroka,5.214285714285714,5.214285714285714,5.214285714285714,5.214285714285714,5.214285714285714,5.214285714285714,5.214285714285714,5.214285714285714,5.214285714285714,9.428571428571429,1,13.38095238095238,8.428571428571427
TG Southee,7.644167056239049,7.644167056239049,7.644167056239049,8.42016806722689,7.644167056239049,7.644167056239049,7.428571428571429,8.742857142857142,7.455223880597016,8.818181818181818,5,11.661245719454675,8.996747431672805
TL Suman,7.706227106227106,7.12087912087912,11.07692307692308,8.333333333333332,7.706227106227106,8.0,7.706227106227106,7.706227106227106,7.706227106227106,7.706227106227106,4,12.293772893772893,8.976263736263736
TM Dilshan,3.0,6.1875,8.571428571428571,8.756756756756756,10.63636363636364,10.0,7.593149852078424,7.593149852078424,7.593149852078424,7.593149852078424,6,12.406850147921578,9.844110088752947
TM Head,5.5625,5.5625,5.5625,5.5625,5.5625,5.5625,5.5625,5.5625,5.5625,10.125,1,12.916666666666668,8.15
TP Sudhindra,6.054054054054055,6.054054054054055,6.054054054054055,6.054054054054055,11.10810810810811,6.054054054054055,6.054054054054055,6.054054054054055,6.054054054054055,6.054054054054055,1,13.945945945945944,8.767567567567566
TS Mills,4.743243243243243,4.743243243243243,4.743243243243243,4.743243243243243,4.743243243243243,4.743243243243243,4.743243243243243,4.743243243243243,4.743243243243243,8.486486486486486,1,14.00900900900901,8.805405405405406
Umar Gul,7.764705882352942,4.382352941176471,4.382352941176471,4.382352941176471,4.382352941176471,4.382352941176471,4.382352941176471,4.382352941176471,4.382352941176471,4.382352941176471,1,15.617647058823529,9.770588235294117
UT Yadav,8.328616695298287,8.328616695298287,7.578947368421052,9.132743362831858,7.190600522193212,8.666666666666666,8.07773851590106,8.729323308270676,9.05521472392638,8.526315789473685,8,11.22971539277642,9.937829235665852
V Kohli,7.591836734693878,7.076923076923078,9.272727272727273,7.924528301886792,16.33333333333334,8.800486771763726,8.800486771763726,5.454545454545454,9.75,8.800486771763726,7,11.998322591230274,9.998993554738163
V Pratap Singh,4.765402843601896,4.765402843601896,4.765402843601896,4.765402843601896,8.530805687203792,4.765402843601896,4.765402843601896,4.765402843601896,4.765402843601896,4.765402843601896,1,15.234597156398104,9.540758293838863
V Sehwag,12.0,21.42857142857143,4.058823529411764,10.456232492997199,11.25,9.0,10.456232492997199,10.456232492997199,10.456232492997199,10.456232492997199,5,9.543767507002801,7.726260504201681
V Shankar,10.0,10.0,10.0,10.0,10.0,10.0,19.0,10.0,10.0,10.0,1,10.0,6.4
VR Aaron,7.9007447758615905,7.9007447758615905,7.9007447758615905,6.467532467532468,8.71875,7.9007447758615905,7.789915966386554,9.557522123893806,8.864516129032259,7.906976744186046,6,11.223661667629296,9.134197000577577
VRV Singh,8.614864864864865,9.222222222222221,11.71428571428571,8.137843200343198,8.137843200343198,8.137843200343198,8.137843200343198,8.137843200343198,8.137843200343198,8.137843200343198,3,11.862156799656802,8.317294079794081
VS Malik,7.279662864274786,8.108108108108109,8.608695652173912,7.0,7.279662864274786,5.80327868852459,9.157894736842106,7.279662864274786,7.279662864274786,7.279662864274786,5,12.720337135725213,9.632202281435127
VS Yeligati,11.4375,6.21875,6.21875,6.21875,6.21875,6.21875,6.21875,6.21875,6.21875,6.21875,1,13.78125,8.66875
VY Mahesh,8.571428571428571,11.53846153846154,7.263157894736842,7.907396486171292,8.163934426229508,7.907396486171292,7.907396486171292,7.907396486171292,7.907396486171292,7.907396486171292,4,12.09260351382871,8.855562108297226
WA Mota,10.8,6.763636363636364,6.521212121212121,6.521212121212121,6.521212121212121,6.521212121212121,6.521212121212121,6.521212121212121,6.521212121212121,6.521212121212121,2,13.47878787878788,8.887272727272727
Washington Sundar,3.615384615384616,3.615384615384616,3.615384615384616,3.615384615384616,3.615384615384616,3.615384615384616,3.615384615384616,3.615384615384616,3.615384615384616,6.230769230769232,1,15.512820512820511,9.707692307692307
WD Parnell,6.704058817871837,6.704058817871837,6.704058817871837,7.23913043478261,6.138461538461539,8.721649484536082,7.421052631578948,6.704058817871837,6.704058817871837,6.704058817871837,4,13.295941182128164,9.5775647092769
WPUJC Vaas,8.504854368932039,8.192307692307693,6.631578947368421,6.582185252152038,6.582185252152038,6.582185252152038,6.582185252152038,6.582185252152038,6.582185252152038,6.582185252152038,3,13.417814747847963,9.250688848708778
Y Gnaneswara Rao,4.0,4.0,4.0,7.0,4.0,4.0,4.0,4.0,4.0,4.0,1,16.0,10.0
Y Nagar,8.59181210945917,9.230769230769232,9.333333333333334,11.82352941176471,8.571428571428571,8.59181210945917,8.59181210945917,8.59181210945917,8.59181210945917,8.59181210945917,4,11.40818789054083,8.444912734324499
Y Venugopal Rao,9.340909090909092,8.021739130434781,10.0,13.0,13.0,9.623235460191982,8.0,9.623235460191982,9.623235460191982,9.623235460191982,6,10.376764539808018,8.62605872388481
YA Abdulla,6.568253968253969,8.133333333333333,9.571428571428573,6.568253968253969,6.568253968253969,6.568253968253969,6.568253968253969,6.568253968253969,6.568253968253969,6.568253968253969,2,13.43174603174603,8.859047619047619
YK Pathan,8.223529411764705,6.733031674208145,7.121495327102805,6.074688796680498,8.05839416058394,8.072727272727272,10.0,10.0,5.210526315789474,10.25,10,11.513157894736842,10.907894736842106
YS Chahal,7.552924529097386,7.552924529097386,7.552924529097386,7.552924529097386,7.552924529097386,8.75,7.00900900900901,8.819787985865725,7.967532467532468,7.771217712177121,5,11.813820611474895,9.088292366884938
Yuvraj Singh,9.107142857142858,7.041322314049587,6.690647482014387,6.617142857142857,8.13914571508145,6.857142857142857,8.185714285714287,8.181818181818182,8.210526315789474,11.5,9,10.702551834130782,10.02153110047847
Z Khan,8.58139534883721,6.545454545454545,7.891525423728814,7.4798927613941,7.589189189189189,7.421052631578948,6.782608695652174,6.15483870967742,7.549815498154983,7.878048780487804,10,12.805765670559932,11.68345940233596
