Row Labels,2008,2009,2010,2011,2012,2013,2014,2015,2016,2017,No of seasons,Last 3 mean,Score
A Ashish Reddy,8.273125996810208,8.273125996810208,8.273125996810208,8.273125996810208,9.789473684210526,13.63636363636364,8.273125996810208,6.666666666666668,8.273125996810208,8.273125996810208,3,12.262360446570973,8.557416267942584
A Chandila,3.5,3.5,3.5,3.5,3.5,6.0,3.5,3.5,3.5,3.5,1,16.5,10.3
A Choudhary,4.944444444444445,4.944444444444445,4.944444444444445,4.944444444444445,4.944444444444445,4.944444444444445,4.944444444444445,4.944444444444445,4.944444444444445,8.88888888888889,1,13.74074074074074,8.644444444444444
A Flintoff,7.875,14.75,7.875,7.875,7.875,7.875,7.875,7.875,7.875,7.875,1,12.125,7.675
A Kumble,12.44444444444444,6.869565217391305,6.307692307692308,7.1554254923820135,7.1554254923820135,7.1554254923820135,7.1554254923820135,7.1554254923820135,7.1554254923820135,7.1554254923820135,3,12.844574507617988,8.906744704570793
A Mishra,6.666666666666668,11.7,8.823529411764707,8.129032258064516,9.0,8.482758620689655,12.42857142857143,9.864406779661017,10.5,6.0,10,11.211864406779661,10.727118644067797
A Mithun,12.351896690879741,12.0,19.0,9.254237288135593,16.0,12.85714285714286,12.351896690879741,12.351896690879741,12.351896690879741,12.351896690879741,5,7.648103309120259,6.588861985472155
A Nehra,9.639344262295083,7.232142857142857,8.322580645161292,8.778663711939817,9.976744186046512,11.02702702702703,9.243243243243244,7.415730337078651,8.666666666666666,7.263157894736842,9,12.218148367172613,10.930889020303567
A Nel,8.0,4.5,4.5,4.5,4.5,4.5,4.5,4.5,4.5,4.5,1,15.5,9.7
A Singh,7.6517316017316,7.454545454545455,7.6517316017316,7.866666666666667,12.28571428571428,7.6517316017316,7.6517316017316,7.6517316017316,7.6517316017316,7.6517316017316,3,12.348268398268399,8.608961038961038
A Symonds,22.8,9.5,9.617647058823529,11.229411764705882,11.229411764705882,11.229411764705882,11.229411764705882,11.229411764705882,11.229411764705882,11.229411764705882,3,8.770588235294118,6.462352941176471
A Uniyal,4.7631578947368425,4.7631578947368425,8.526315789473685,4.7631578947368425,4.7631578947368425,4.7631578947368425,4.7631578947368425,4.7631578947368425,4.7631578947368425,4.7631578947368425,1,15.236842105263158,9.542105263157895
A Zampa,6.7137254901960794,6.7137254901960794,6.7137254901960794,6.7137254901960794,6.7137254901960794,6.7137254901960794,6.7137254901960794,6.7137254901960794,7.199999999999998,10.94117647058824,2,11.715032679738561,7.829019607843136
AA Chavan,7.357142857142855,7.357142857142855,7.357142857142855,7.357142857142855,13.71428571428571,7.357142857142855,7.357142857142855,7.357142857142855,7.357142857142855,7.357142857142855,1,12.642857142857146,7.9857142857142875
AA Jhunjhunwala,6.5,6.5,12.0,6.5,6.5,6.5,6.5,6.5,6.5,6.5,1,13.5,8.5
AA Noffke,5.5,3.25,3.25,3.25,3.25,3.25,3.25,3.25,3.25,3.25,1,16.75,10.45
AB Agarkar,5.076923076923077,9.904761904761905,9.36,10.47272727272727,10.0,10.8,8.802058893487466,8.802058893487466,8.802058893487466,8.802058893487466,6,11.197941106512534,9.118764663907521
AB Dinda,4.666666666666667,11.52,6.9,13.2,7.392857142857143,11.61702127659574,12.21428571428571,10.246669460872809,10.0327868852459,15.92307692307693,9,7.93248891026812,8.359493346160871
AB McDonald,5.166666666666667,5.166666666666667,12.5,5.166666666666667,1.0,5.166666666666667,5.166666666666667,5.166666666666667,5.166666666666667,5.166666666666667,2,14.833333333333332,9.7
AC Gilchrist,0.5,0.5,0.5,0.5,0.5,0.0,0.5,0.5,0.5,0.5,1,19.5,12.1
AC Thomas,7.25,7.25,7.25,9.75,10.0,7.25,7.25,7.25,7.25,7.25,2,12.75,8.45
AC Voges,3.0,3.0,5.0,3.0,3.0,3.0,3.0,3.0,3.0,3.0,1,17.0,10.6
AD Mascarenhas,6.786666666666666,9.0,6.786666666666666,6.786666666666666,9.36,6.786666666666666,6.786666666666666,6.786666666666666,6.786666666666666,6.786666666666666,2,13.213333333333335,8.728
AD Mathews,10.347252747252748,21.0,7.23076923076923,10.347252747252748,8.0,8.5,10.347252747252748,9.200000000000001,10.347252747252748,12.5,6,9.317582417582416,7.99054945054945
AD Russell,9.879821616513917,9.879821616513917,9.879821616513917,9.879821616513917,12.63157894736842,8.307692307692307,12.0,8.516129032258064,12.82352941176471,9.879821616513917,5,9.59350664648777,7.756103987892662
AF Milne,7.118279569892473,7.118279569892473,7.118279569892473,7.118279569892473,7.118279569892473,7.118279569892473,7.118279569892473,7.118279569892473,12.0,7.35483870967742,2,11.175627240143369,7.505376344086021
AG Murtaza,9.384615384615383,9.384615384615383,10.15384615384615,16.0,9.384615384615383,9.384615384615383,9.384615384615383,9.384615384615383,9.384615384615383,9.384615384615383,2,10.615384615384617,7.16923076923077
AJ Finch,4.333333333333333,4.333333333333333,6.0,5.0,4.333333333333333,4.333333333333333,4.333333333333333,4.333333333333333,4.333333333333333,4.333333333333333,2,15.666666666666668,10.2
AJ Tye,4.274193548387097,4.274193548387097,4.274193548387097,4.274193548387097,4.274193548387097,4.274193548387097,4.274193548387097,4.274193548387097,4.274193548387097,7.548387096774194,1,14.634408602150536,9.180645161290322
AL Menaria,14.666666666666666,14.666666666666666,14.666666666666666,12.0,30.0,14.666666666666666,14.666666666666666,14.666666666666666,14.666666666666666,14.666666666666666,2,5.333333333333334,4.0
AM Nayar,5.0,9.0,5.0,5.0,5.0,5.0,5.0,5.0,5.0,5.0,1,15.0,9.4
AM Salvi,6.504273504273505,7.846153846153847,6.504273504273505,9.666666666666668,6.504273504273505,6.504273504273505,6.504273504273505,6.504273504273505,6.504273504273505,6.504273504273505,2,13.495726495726494,8.897435897435896
AN Ahmed,8.31,8.31,8.31,7.071428571428571,8.31,5.0,10.05,15.42857142857143,8.31,8.31,4,9.317142857142855,7.190285714285713
Anand Rajan,9.05,9.05,9.05,10.2,16.5,6.5,9.05,9.05,9.05,9.05,3,10.95,7.769999999999999
Ankit Sharma,8.892857142857142,8.892857142857142,8.892857142857142,8.892857142857142,12.0,8.892857142857142,8.892857142857142,6.0,14.57142857142857,8.892857142857142,3,10.178571428571429,7.307142857142857
Ankit Soni,12.5,12.5,12.5,12.5,12.5,12.5,12.5,12.5,12.5,24.0,1,3.666666666666668,2.6000000000000005
Anureet Singh,7.656213704994189,10.28571428571428,7.656213704994189,7.656213704994189,7.656213704994189,7.656213704994189,7.656213704994189,10.68292682926829,7.656213704994189,7.656213704994189,2,11.334881920247776,7.600929152148666
AP Dole,5.576923076923075,5.576923076923075,10.15384615384615,5.576923076923075,5.576923076923075,5.576923076923075,5.576923076923075,5.576923076923075,5.576923076923075,5.576923076923075,1,14.423076923076923,9.053846153846155
AR Patel,8.024160770736113,8.024160770736113,8.024160770736113,8.024160770736113,8.024160770736113,8.024160770736113,7.516483516483516,10.02739726027397,10.5,8.076923076923077,4,10.46522655426765,7.879135932560589
AS Rajpoot,7.897435897435898,7.897435897435898,7.897435897435898,7.897435897435898,7.897435897435898,7.897435897435898,7.897435897435898,7.897435897435898,9.692307692307693,12.0,2,10.136752136752136,6.882051282051282
AS Raut,3.75,6.5,3.75,3.75,3.75,3.75,3.75,3.75,3.75,3.75,1,16.25,10.15
AUK Pathan,8.444444444444445,8.444444444444445,8.444444444444445,9.333333333333334,14.0,8.444444444444445,8.444444444444445,8.444444444444445,8.444444444444445,8.444444444444445,2,11.555555555555555,7.7333333333333325
Avesh Khan,7.5,7.5,7.5,7.5,7.5,7.5,7.5,7.5,7.5,14.0,1,10.333333333333334,6.6
Azhar Mahmood,9.259635388882963,9.259635388882963,9.259635388882963,9.259635388882963,9.173076923076923,9.436893203883495,9.259635388882963,15.42857142857143,9.259635388882963,9.259635388882963,3,8.684052597887549,6.410431558732529
B Akhil,11.7,9.0,9.782142857142858,15.42857142857143,9.782142857142858,9.782142857142858,9.782142857142858,9.782142857142858,9.782142857142858,9.782142857142858,3,10.217857142857142,7.330714285714285
B Geeves,10.0,5.5,5.5,5.5,5.5,5.5,5.5,5.5,5.5,5.5,1,14.5,9.1
B Kumar,7.99323526173371,7.99323526173371,7.99323526173371,7.99323526173371,7.555555555555556,8.057142857142857,8.11111111111111,9.245901639344261,9.034883720930232,7.948051948051948,6,11.257054230557854,9.154232538334712
B Laughlin,7.25,7.25,7.25,7.25,7.25,13.5,7.25,7.25,7.25,7.25,1,12.75,8.05
B Lee,9.75,4.043478260869565,12.51428571428572,8.102564102564102,8.962962962962962,10.32,8.527613005811764,8.527613005811764,8.527613005811764,8.527613005811764,6,11.472386994188236,9.283432196512942
BA Bhatt,6.939625850340136,6.939625850340136,6.939625850340136,8.693877551020408,10.125,6.939625850340136,6.939625850340136,6.939625850340136,6.939625850340136,6.939625850340136,2,13.060374149659864,8.636224489795918
BA Stokes,4.396103896103897,4.396103896103897,4.396103896103897,4.396103896103897,4.396103896103897,4.396103896103897,4.396103896103897,4.396103896103897,4.396103896103897,7.792207792207793,1,14.47186147186147,9.083116883116881
Basil Thampi,5.72222222222222,5.72222222222222,5.72222222222222,5.72222222222222,5.72222222222222,5.72222222222222,5.72222222222222,5.72222222222222,5.72222222222222,10.44444444444444,1,12.703703703703706,8.022222222222222
BAW Mendis,7.0,7.6,13.0,7.720000000000001,7.720000000000001,7.0,7.720000000000001,7.720000000000001,7.720000000000001,7.720000000000001,4,12.279999999999998,8.967999999999998
BB Sran,4.5212765957446805,4.5212765957446805,4.5212765957446805,4.5212765957446805,4.5212765957446805,4.5212765957446805,4.5212765957446805,4.5212765957446805,8.042553191489361,4.5212765957446805,1,14.304964539007091,8.982978723404255
BCJ Cutting,7.058823529411764,7.058823529411764,7.058823529411764,7.058823529411764,7.058823529411764,7.058823529411764,7.058823529411764,7.058823529411764,7.0,12.17647058823529,2,11.254901960784315,7.552941176470588
BE Hendricks,6.230537634408603,6.230537634408603,6.230537634408603,6.230537634408603,6.230537634408603,6.230537634408603,10.45161290322581,6.24,6.230537634408603,6.230537634408603,2,13.766308243727597,9.059784946236558
Bipul Sharma,13.271428571428569,13.271428571428569,15.0,8.571428571428571,28.5,13.271428571428569,13.271428571428569,13.271428571428569,13.271428571428569,10.28571428571428,4,7.723809523809528,6.234285714285717
BJ Hodge,5.0,10.0,5.0,3.0,5.0,5.0,5.0,5.0,5.0,5.0,2,15.0,9.8
BW Hilfenhaus,7.82635046113307,7.82635046113307,7.82635046113307,7.82635046113307,9.26086956521739,7.82635046113307,12.21818181818182,7.82635046113307,7.82635046113307,7.82635046113307,2,12.173649538866929,8.104189723320157
C de Grandhomme,11.0,11.0,11.0,11.0,11.0,11.0,11.0,11.0,11.0,21.0,1,5.666666666666666,3.8
C Nanda,3.9285714285714284,6.857142857142857,3.9285714285714284,3.9285714285714284,3.9285714285714284,3.9285714285714284,3.9285714285714284,3.9285714285714284,3.9285714285714284,3.9285714285714284,1,16.071428571428573,10.042857142857144
CH Gayle,9.092431819986,7.636363636363637,10.33333333333333,8.235294117647058,19.63636363636364,10.42105263157895,9.092431819986,9.092431819986,1.384615384615385,9.092431819986,6,13.476840325137537,10.486104195082522
CH Morris,7.429061145503195,7.429061145503195,7.429061145503195,7.429061145503195,7.429061145503195,8.816326530612246,7.429061145503195,9.226415094339622,7.333333333333334,7.76923076923077,4,11.890340267698758,8.734204160619253
CJ Anderson,8.18130081300813,8.18130081300813,8.18130081300813,8.18130081300813,8.18130081300813,8.18130081300813,12.3,8.18130081300813,8.18130081300813,10.24390243902439,2,11.131165311653115,7.47869918699187
CJ Jordan,6.125,6.125,6.125,6.125,6.125,6.125,6.125,6.125,11.25,6.125,1,12.166666666666668,7.7
CJ McKay,5.5,5.5,5.5,5.5,10.0,5.5,5.5,5.5,5.5,5.5,1,14.5,9.1
CK Kapugedera,15.0,8.0,8.0,8.0,8.0,8.0,8.0,8.0,8.0,8.0,1,12.0,7.6
CK Langeveldt,5.873333333333333,4.0,8.16,8.333333333333332,5.873333333333333,5.873333333333333,5.873333333333333,5.873333333333333,5.873333333333333,5.873333333333333,3,14.126666666666669,9.676000000000002
CR Brathwaite,8.131578947368421,8.131578947368421,8.131578947368421,8.131578947368421,8.131578947368421,8.131578947368421,8.131578947368421,8.131578947368421,7.894736842105264,14.5,2,9.824561403508772,6.694736842105263
CR Woakes,5.320224719101123,5.320224719101123,5.320224719101123,5.320224719101123,5.320224719101123,5.320224719101123,5.320224719101123,5.320224719101123,5.320224719101123,9.640449438202246,1,13.239700374531836,8.343820224719101
CRD Fernando,10.0,6.242424242424242,6.727272727272727,6.242424242424242,6.242424242424242,6.242424242424242,6.242424242424242,6.242424242424242,6.242424242424242,6.242424242424242,2,13.757575757575758,9.054545454545455
D du Preez,7.357142857142855,13.71428571428571,7.357142857142855,7.357142857142855,7.357142857142855,7.357142857142855,7.357142857142855,7.357142857142855,7.357142857142855,7.357142857142855,1,12.642857142857146,7.9857142857142875
D Kalyankrishna,17.0,9.0,9.0,9.0,9.0,9.0,9.0,9.0,9.0,9.0,1,11.0,7.0
D Salunkhe,7.0,4.0,4.0,4.0,4.0,4.0,4.0,4.0,4.0,4.0,1,16.0,10.0
D Wiese,7.4055829228243,7.4055829228243,7.4055829228243,7.4055829228243,7.4055829228243,7.4055829228243,7.4055829228243,9.931034482758621,10.28571428571428,7.4055829228243,2,10.792556102900933,7.27553366174056
DAJ Bracewell,5.5,5.5,5.5,5.5,10.0,5.5,5.5,5.5,5.5,5.5,1,14.5,9.1
DE Bollinger,6.586642335766423,6.586642335766423,9.04,6.306569343065694,8.0,6.586642335766423,6.586642335766423,6.586642335766423,6.586642335766423,6.586642335766423,3,13.413357664233576,9.248014598540147
DJ Bravo,9.923076923076923,7.963636363636365,10.42105263157895,12.5,8.564885496183207,7.36480686695279,9.342762200455873,8.575471698113208,10.7719298245614,9.342762200455873,8,10.43661209228984,9.461967255373903
DJ Harris,5.5,5.5,5.5,5.5,10.0,5.5,5.5,5.5,5.5,5.5,1,14.5,9.1
DJ Hooda,6.03846153846154,6.03846153846154,6.03846153846154,6.03846153846154,6.03846153846154,6.03846153846154,6.03846153846154,11.07692307692308,6.03846153846154,6.03846153846154,1,12.282051282051281,7.769230769230768
DJ Hussey,13.38461538461539,10.77948717948718,10.77948717948718,10.77948717948718,10.0,13.84615384615384,12.66666666666667,10.77948717948718,10.77948717948718,10.77948717948718,4,9.220512820512818,7.132307692307691
DJ Muthuswami,1.0,1.0,1.0,1.0,1.0,1.0,1.0,1.0,1.0,1.0,1,19.0,11.8
DJG Sammy,9.001831501831504,9.001831501831504,9.001831501831504,9.001831501831504,9.001831501831504,10.92857142857143,14.07692307692308,9.001831501831504,9.001831501831504,9.001831501831504,2,10.998168498168496,7.3989010989010975
DL Vettori,6.333333333333334,10.25806451612903,7.071428571428571,7.5,8.594594594594595,7.459570169247589,7.459570169247589,7.459570169247589,7.459570169247589,7.459570169247589,5,12.540429830752412,9.524257898451447
DNT Zoysa,10.2,5.6,5.6,5.6,5.6,5.6,5.6,5.6,5.6,5.6,1,14.400000000000002,9.040000000000001
DP Nannes,7.566952623980123,8.480769230769232,7.974683544303797,6.0,7.566952623980123,11.37931034482759,7.566952623980123,7.566952623980123,7.566952623980123,7.566952623980123,4,12.433047376019875,9.059828425611926
DP Vijaykumar,10.64516129032258,5.82258064516129,5.82258064516129,5.82258064516129,5.82258064516129,5.82258064516129,5.82258064516129,5.82258064516129,5.82258064516129,5.82258064516129,1,14.177419354838708,8.906451612903226
DR Smith,10.28571428571428,10.0,8.399999999999999,12.031013431013427,8.0,10.28571428571428,16.61538461538461,12.031013431013427,21.0,15.69230769230769,8,3.758892958892961,5.455335775335777
DS Kulkarni,8.5,3.428571428571428,12.0,7.941176470588236,11.71428571428571,6.923076923076922,10.6530612244898,8.571428571428571,8.754098360655739,10.33333333333333,10,10.780379911527454,10.468227946916473
DT Christian,11.2807574491785,11.2807574491785,11.2807574491785,11.68421052631579,12.0,20.57142857142857,11.2807574491785,11.2807574491785,11.2807574491785,8.148148148148149,4,9.76344565116495,7.45806739069897
DW Steyn,5.764705882352941,7.894736842105264,7.263157894736842,7.912087912087913,8.350515463917525,6.936170212765957,9.142857142857142,9.36,7.847136816758176,7.847136816758176,8,11.64857545549455,10.18914527329673
F du Plessis,8.5,8.5,8.5,8.5,16.0,8.5,8.5,8.5,8.5,8.5,1,11.5,7.3
FH Edwards,5.053571428571429,9.107142857142858,5.053571428571429,5.053571428571429,5.053571428571429,5.053571428571429,5.053571428571429,5.053571428571429,5.053571428571429,5.053571428571429,1,14.946428571428571,9.367857142857144
FY Fazal,5.5,5.5,10.0,5.5,5.5,5.5,5.5,5.5,5.5,5.5,1,14.5,9.1
Gagandeep Singh,16.0,8.5,8.5,8.5,8.5,8.5,8.5,8.5,8.5,8.5,1,11.5,7.3
GB Hogg,7.853763440860215,7.853763440860215,7.853763440860215,7.853763440860215,7.935483870967741,12.0,7.853763440860215,7.333333333333334,8.0,7.853763440860215,4,12.270967741935483,8.96258064516129
GD McGrath,9.113924050632912,5.056962025316456,5.056962025316456,5.056962025316456,5.056962025316456,5.056962025316456,5.056962025316456,5.056962025316456,5.056962025316456,5.056962025316456,1,14.943037974683545,9.365822784810126
GJ Maxwell,4.56140350877193,4.56140350877193,4.56140350877193,4.56140350877193,4.56140350877193,6.0,4.56140350877193,4.56140350877193,4.56140350877193,5.684210526315789,2,15.064327485380117,9.83859649122807
GS Sandhu,6.75,6.75,6.75,6.75,6.75,6.75,6.75,12.5,6.75,6.75,1,11.333333333333334,7.2
Harbhajan Singh,8.210526315789474,6.774193548387098,6.638297872340425,6.952380952380953,11.0,9.31578947368421,9.4,8.643465351398017,11.5,8.643465351398017,8,10.404356432401322,9.442613859440794
Harmeet Singh,8.48734493797519,11.75,5.510204081632653,12.85714285714286,7.235294117647058,8.571428571428571,8.48734493797519,8.48734493797519,8.48734493797519,8.48734493797519,5,11.51265506202481,8.907593037214886
HH Pandya,8.374589371980676,8.374589371980676,8.374589371980676,8.374589371980676,8.374589371980676,8.374589371980676,8.374589371980676,14.88,8.444444444444445,7.173913043478261,3,9.833880837359098,7.10032850241546
HV Patel,10.552577719259746,10.552577719259746,10.552577719259746,10.552577719259746,10.83333333333333,10.552577719259746,13.44,8.816326530612246,11.2258064516129,14.0,5,8.652622339258285,7.191573403554971
I Sharma,9.925925925925926,9.642857142857142,10.92,10.57142857142857,11.079502945397682,9.576923076923077,4.0,12.0,15.15789473684211,20.0,9,4.280701754385964,6.168421052631578
IC Pandey,8.064102564102564,8.064102564102564,8.064102564102564,8.064102564102564,8.064102564102564,8.064102564102564,9.692307692307693,12.5,8.064102564102564,8.064102564102564,2,10.45726495726496,7.074358974358975
IK Pathan,7.125,8.417266187050359,11.20879120879121,9.580645161290322,10.83333333333333,11.8125,7.132075471698113,10.110961136216334,16.0,10.0,9,7.963012954594555,8.377807772756734
Imran Tahir,7.897131429215255,7.897131429215255,7.897131429215255,7.897131429215255,7.897131429215255,7.897131429215255,6.833333333333332,9.711340206185568,9.4,9.540983606557377,4,10.449225395752352,7.869535237451411
Iqbal Abdulla,7.974920428408801,7.974920428408801,5.5,7.813953488372094,8.0,9.818181818181818,7.974920428408801,7.153846153846153,11.53846153846154,7.974920428408801,6,11.110923959761168,9.0665543758567
J Botha,7.17974358974359,8.64,7.17974358974359,6.4,7.0,4.5,7.17974358974359,11.53846153846154,7.17974358974359,7.17974358974359,5,11.367350427350425,8.820410256410256
J Suchith,5.5,5.5,5.5,5.5,5.5,5.5,5.5,10.0,5.5,5.5,1,13.0,8.2
J Syed Mohammad,6.0,6.0,6.0,11.0,6.0,6.0,6.0,6.0,6.0,6.0,1,14.0,8.8
J Theron,7.8377662967215205,7.8377662967215205,7.701492537313432,7.8377662967215205,9.11111111111111,7.8377662967215205,7.8377662967215205,11.53846153846154,7.8377662967215205,7.8377662967215205,3,10.928668622698474,7.757201173619085
J Yadav,5.64285714285714,5.64285714285714,5.64285714285714,5.64285714285714,5.64285714285714,5.64285714285714,5.64285714285714,5.64285714285714,10.28571428571428,5.64285714285714,1,12.809523809523814,8.085714285714289
JA Morkel,8.905263157894737,9.818181818181818,8.82857142857143,10.63636363636364,7.902439024390244,6.631578947368421,8.979737345334266,10.66666666666667,9.428571428571429,8.979737345334266,8,10.308341519809211,9.385004911885527
Jaskaran Singh,10.37037037037037,16.0,13.11111111111111,10.37037037037037,10.37037037037037,10.37037037037037,10.37037037037037,10.37037037037037,10.37037037037037,10.37037037037037,2,9.62962962962963,6.5777777777777775
JD Ryder,9.285714285714286,13.0,9.285714285714286,12.85714285714286,9.285714285714286,9.285714285714286,9.285714285714286,9.285714285714286,9.285714285714286,9.285714285714286,2,10.714285714285714,7.228571428571428
JD Unadkat,10.648799859695787,10.648799859695787,9.857142857142858,9.230769230769232,11.0,8.375,12.62686567164179,10.648799859695787,18.85714285714286,8.243478260869566,7,7.416859674097262,7.250115804458358
JDP Oram,9.0,8.7,7.3,7.3,7.3,8.5,7.3,7.3,7.3,7.3,3,12.7,8.819999999999999
JE Taylor,5.933962264150945,5.933962264150945,5.933962264150945,10.86792452830189,5.933962264150945,5.933962264150945,5.933962264150945,5.933962264150945,5.933962264150945,5.933962264150945,1,14.066037735849054,8.839622641509433
JEC Franklin,7.333333333333333,7.333333333333333,7.333333333333333,11.0,9.0,7.333333333333333,7.333333333333333,7.333333333333333,7.333333333333333,7.333333333333333,2,12.666666666666668,8.4
JH Kallis,10.90909090909091,14.35714285714286,10.07142857142857,8.454545454545455,9.927272727272728,9.096774193548388,7.5,9.664531839128614,9.664531839128614,9.664531839128614,7,10.335468160871386,9.001280896522832
JJ Bumrah,9.601148259828006,9.601148259828006,9.601148259828006,9.601148259828006,9.601148259828006,9.75,8.930232558139535,16.125,9.295774647887324,8.505882352941176,5,8.691114333057167,7.2146685998343
JJ van der Wath,6.625,6.625,6.625,12.25,6.625,6.625,6.625,6.625,6.625,6.625,1,13.375,8.425
JM Kemp,3.5,3.5,6.0,3.5,3.5,3.5,3.5,3.5,3.5,3.5,1,16.5,10.3
JO Holder,5.0,5.0,5.0,5.0,5.0,5.0,5.0,5.0,9.0,5.0,1,13.666666666666668,8.6
Joginder Sharma,11.18918918918919,10.297297297297298,10.0,17.0,10.297297297297298,10.297297297297298,10.297297297297298,10.297297297297298,10.297297297297298,10.297297297297298,3,9.702702702702702,7.021621621621621
JP Duminy,8.957142857142857,8.0,12.0,11.0,6.0,8.957142857142857,12.5,7.199999999999998,8.957142857142857,8.957142857142857,6,11.628571428571428,9.377142857142857
JP Faulkner,9.372811469988374,9.372811469988374,9.372811469988374,9.372811469988374,9.75,7.811320754716981,10.39285714285714,12.0,10.18181818181818,9.473684210526315,6,9.448165869218501,8.068899521531101
JR Hopes,13.4516129032258,8.170145477545855,8.170145477545855,9.058823529411764,8.170145477545855,8.170145477545855,8.170145477545855,8.170145477545855,8.170145477545855,8.170145477545855,2,11.829854522454145,7.897912713472488
JW Hastings,3.2,3.2,3.2,3.2,3.2,3.2,3.2,3.2,5.4,3.2,1,16.066666666666666,10.040000000000001
K Rabada,5.459183673469388,5.459183673469388,5.459183673469388,5.459183673469388,5.459183673469388,5.459183673469388,5.459183673469388,5.459183673469388,5.459183673469388,9.918367346938776,1,13.054421768707481,8.232653061224488
K Santokie,7.1,7.1,7.1,7.1,7.1,7.1,13.2,7.1,7.1,7.1,1,12.900000000000002,8.14
KA Pollard,11.138050253839728,11.138050253839728,8.68421052631579,9.5,7.615384615384614,9.942857142857143,12.0,9.0,17.5,18.0,8,5.166666666666666,6.3
KAJ Roach,7.44736842105263,7.44736842105263,13.89473684210526,7.44736842105263,7.44736842105263,7.44736842105263,7.44736842105263,7.44736842105263,7.44736842105263,7.44736842105263,1,12.55263157894737,7.931578947368422
Kamran Khan,5.416666666666666,9.833333333333332,5.416666666666666,5.416666666666666,5.416666666666666,5.416666666666666,5.416666666666666,5.416666666666666,5.416666666666666,5.416666666666666,1,14.583333333333332,9.15
Karanveer Singh,8.952380952380954,8.952380952380954,8.952380952380954,8.952380952380954,8.952380952380954,8.952380952380954,12.0,12.85714285714286,8.952380952380954,8.952380952380954,2,9.746031746031745,6.647619047619047
KC Cariappa,5.435897435897435,5.435897435897435,5.435897435897435,5.435897435897435,5.435897435897435,5.435897435897435,5.435897435897435,5.435897435897435,6.0,8.307692307692307,2,13.41880341880342,8.851282051282052
KH Pandya,5.583333333333333,5.583333333333333,5.583333333333333,5.583333333333333,5.583333333333333,5.583333333333333,5.583333333333333,5.583333333333333,8.25,6.5,2,13.222222222222221,8.733333333333333
KJ Abbott,6.86,6.86,6.86,6.86,6.86,6.86,6.86,6.86,12.72,6.86,1,11.186666666666666,7.111999999999999
KK Cooper,7.272222222222222,7.272222222222222,7.272222222222222,7.272222222222222,8.914285714285715,8.88888888888889,8.285714285714285,7.272222222222222,7.272222222222222,7.272222222222222,3,12.727777777777778,8.836666666666668
KMDN Kulasekara,3.7,3.7,3.7,3.7,6.4,3.7,3.7,3.7,3.7,3.7,1,16.3,10.180000000000001
KP Appanna,8.714285714285714,13.0,11.14285714285714,8.714285714285714,8.714285714285714,8.714285714285714,8.714285714285714,8.714285714285714,8.714285714285714,8.714285714285714,2,11.285714285714286,7.571428571428572
KP Pietersen,7.222222222222222,9.666666666666668,10.0,7.222222222222222,7.222222222222222,7.222222222222222,7.222222222222222,7.222222222222222,7.222222222222222,7.222222222222222,2,12.777777777777779,8.466666666666667
Kuldeep Yadav,6.023539302227827,6.023539302227827,6.023539302227827,6.023539302227827,6.023539302227827,6.023539302227827,6.023539302227827,6.023539302227827,6.923076923076922,9.147540983606557,2,12.6352809303629,8.381168558217741
KV Sharma,10.792869875222815,10.792869875222815,10.792869875222815,10.792869875222815,10.792869875222815,9.176470588235293,5.454545454545454,20.0,15.33333333333333,10.792869875222815,4,4.624598930481286,4.374759358288772
KW Richardson,8.795582047685834,8.795582047685834,8.795582047685834,8.795582047685834,8.795582047685834,10.95652173913043,11.2258064516129,8.795582047685834,10.0,8.795582047685834,3,10.802945301542778,7.681767180925666
L Ablish,4.8,4.8,4.399999999999999,8.0,4.8,4.8,4.8,4.8,4.8,4.8,2,15.2,9.919999999999998
L Balaji,9.677419354838708,9.702127659574467,12.15,9.48,5.692307692307692,11.92,10.97560975609756,9.574683057852303,9.574683057852303,9.574683057852303,7,10.425316942147697,9.055190165288618
LH Ferguson,5.807692307692305,5.807692307692305,5.807692307692305,5.807692307692305,5.807692307692305,5.807692307692305,5.807692307692305,5.807692307692305,5.807692307692305,10.61538461538461,1,12.589743589743595,7.953846153846158
LJ Wright,6.369565217391305,6.369565217391305,6.369565217391305,6.369565217391305,6.369565217391305,11.73913043478261,6.369565217391305,6.369565217391305,6.369565217391305,6.369565217391305,1,13.630434782608695,8.578260869565216
LMP Simmons,6.5,6.5,6.5,6.5,6.5,6.5,12.0,6.5,6.5,6.5,1,13.5,8.5
LPC Silva,21.0,11.0,11.0,11.0,11.0,11.0,11.0,11.0,11.0,11.0,1,9.0,5.8
LR Shukla,8.823529411764707,10.0,9.5,7.464705882352942,5.0,7.464705882352942,7.464705882352942,7.464705882352942,7.464705882352942,7.464705882352942,4,12.535294117647059,9.121176470588235
M Ashwin,4.826923076923077,4.826923076923077,4.826923076923077,4.826923076923077,4.826923076923077,4.826923076923077,4.826923076923077,4.826923076923077,8.653846153846153,4.826923076923077,1,13.897435897435898,8.73846153846154
M de Lange,8.634615384615385,8.634615384615385,8.634615384615385,8.634615384615385,14.0,8.634615384615385,6.0,11.53846153846154,8.634615384615385,8.634615384615385,3,10.397435897435896,7.438461538461537
M Kartik,10.8,8.5,7.444444444444444,11.0,8.571428571428571,6.166666666666666,8.0,8.43531746031746,8.43531746031746,8.43531746031746,7,11.56468253968254,9.738809523809525
M Manhas,4.5,4.5,4.5,8.0,4.5,4.5,4.5,4.5,4.5,4.5,1,15.5,9.7
M Morkel,8.764254959900622,1.0,13.0,7.80952380952381,7.824324324324324,11.20588235294118,10.42105263157895,8.903225806451612,10.71428571428572,8.764254959900622,8,10.539411173120682,9.523646703872409
M Muralitharan,7.44,4.285714285714286,6.8,10.25,10.32,15.0,8.585102040816327,8.585102040816327,8.585102040816327,8.585102040816327,6,11.414897959183673,9.248938775510203
M Ntini,8.594594594594595,4.797297297297297,4.797297297297297,4.797297297297297,4.797297297297297,4.797297297297297,4.797297297297297,4.797297297297297,4.797297297297297,4.797297297297297,1,15.202702702702702,9.521621621621621
MA Khote,12.0,6.5,6.5,6.5,6.5,6.5,6.5,6.5,6.5,6.5,1,13.5,8.5
MA Starc,5.503205128205129,5.503205128205129,5.503205128205129,5.503205128205129,5.503205128205129,5.503205128205129,8.584615384615384,5.925000000000002,5.503205128205129,5.503205128205129,2,14.356196581196581,9.413717948717949
Mashrafe Mortaza,7.1,13.2,7.1,7.1,7.1,7.1,7.1,7.1,7.1,7.1,1,12.900000000000002,8.14
MC Henriques,10.039972527472528,8.076923076923077,11.5,10.039972527472528,10.039972527472528,18.85714285714286,5.6,10.0,9.0,10.28571428571428,7,10.23809523809524,8.942857142857145
MF Maharoof,8.90909090909091,8.142857142857142,9.120000000000001,7.292987012987013,7.292987012987013,7.292987012987013,7.292987012987013,7.292987012987013,7.292987012987013,7.292987012987013,3,12.707012987012988,8.824207792207792
MG Johnson,8.910934026496042,8.910934026496042,8.910934026496042,8.910934026496042,8.910934026496042,8.962962962962962,8.303571428571429,12.27906976744186,11.0,7.92,5,9.60031007751938,7.7601860465116275
MG Neser,8.75,8.75,8.75,8.75,8.75,16.5,8.75,8.75,8.75,8.75,1,11.25,7.15
MJ Clarke,5.0,5.0,5.0,5.0,9.0,5.0,5.0,5.0,5.0,5.0,1,15.0,9.4
MJ Henry,8.576923076923075,8.576923076923075,8.576923076923075,8.576923076923075,8.576923076923075,8.576923076923075,8.576923076923075,8.576923076923075,8.576923076923075,16.15384615384615,1,8.8974358974359,5.73846153846154
MJ McClenaghan,7.282564758290711,7.282564758290711,7.282564758290711,7.282564758290711,7.282564758290711,7.282564758290711,7.282564758290711,8.620689655172413,8.736842105263158,8.772727272727273,3,11.289913655612386,7.973948193367431
MK Tiwary,9.476190476190476,9.476190476190476,9.428571428571429,9.476190476190476,9.476190476190476,9.476190476190476,17.0,9.476190476190476,9.476190476190476,9.476190476190476,2,10.523809523809524,7.114285714285714
MM Patel,9.61904761904762,11.76470588235294,5.0,10.2972972972973,10.78571428571429,10.6,9.152395012058879,9.152395012058879,9.152395012058879,9.152395012058879,6,10.847604987941121,8.908562992764672
MM Sharma,8.685318136811745,8.685318136811745,8.685318136811745,8.685318136811745,8.685318136811745,9.75,10.32,8.426966292134832,8.948275862068966,9.666666666666668,5,10.986030393043178,8.591618235825907
MN Samuels,8.77304964539007,8.77304964539007,8.77304964539007,8.77304964539007,9.319148936170212,15.0,8.77304964539007,8.77304964539007,8.77304964539007,8.77304964539007,2,11.22695035460993,7.536170212765958
Mohammad Asif,10.09523809523809,5.547619047619045,5.547619047619045,5.547619047619045,5.547619047619045,5.547619047619045,5.547619047619045,5.547619047619045,5.547619047619045,5.547619047619045,1,14.452380952380956,9.071428571428573
Mohammed Shami,8.557647907647908,8.557647907647908,8.557647907647908,8.557647907647908,8.557647907647908,8.0,12.53571428571429,8.557647907647908,9.88888888888889,8.363636363636363,4,11.063275613275612,8.237965367965367
Mohammed Siraj,5.93243243243243,5.93243243243243,5.93243243243243,5.93243243243243,5.93243243243243,5.93243243243243,5.93243243243243,5.93243243243243,5.93243243243243,10.86486486486486,1,12.423423423423426,7.854054054054055
MP Stoinis,7.972222222222221,7.972222222222221,7.972222222222221,7.972222222222221,7.972222222222221,7.972222222222221,7.972222222222221,7.972222222222221,7.666666666666666,14.25,2,10.037037037037038,6.822222222222223
MR Marsh,8.216507177033495,8.216507177033495,10.10526315789474,6.25,8.216507177033495,10.72727272727273,8.216507177033495,8.216507177033495,10.0,8.216507177033495,4,11.188995215311003,8.313397129186601
MS Gony,9.200000000000001,12.0,10.682456140350874,14.0,15.47368421052631,8.421052631578947,10.682456140350874,10.682456140350874,10.682456140350874,10.682456140350874,5,9.317543859649126,7.590526315789475
Mustafizur Rahman,5.203252032520325,5.203252032520325,5.203252032520325,5.203252032520325,5.203252032520325,5.203252032520325,5.203252032520325,5.203252032520325,7.609756097560975,6.0,2,13.728997289972899,9.03739837398374
ND Doshi,4.333333333333333,4.333333333333333,1.0,10.0,4.333333333333333,4.333333333333333,4.333333333333333,4.333333333333333,4.333333333333333,4.333333333333333,2,15.666666666666668,10.2
NLTC Perera,12.531852888034038,12.531852888034038,19.0,8.666666666666666,18.0,10.37209302325581,12.531852888034038,14.0,11.68421052631579,12.531852888034038,6,7.261312195216725,6.756787317130035
NM Coulter-Nile,8.428256770551851,8.428256770551851,8.428256770551851,8.428256770551851,8.428256770551851,8.428256770551851,10.28571428571428,10.81967213114754,8.769230769230768,8.266666666666666,4,10.714810144318342,8.028886086591005
P Amarnath,13.33333333333333,7.166666666666665,7.166666666666665,7.166666666666665,7.166666666666665,7.166666666666665,7.166666666666665,7.166666666666665,7.166666666666665,7.166666666666665,1,12.833333333333336,8.100000000000001
P Awana,8.81984126984127,8.81984126984127,8.81984126984127,8.81984126984127,9.0,11.05714285714286,12.22222222222222,8.81984126984127,8.81984126984127,8.81984126984127,3,11.18015873015873,7.908095238095238
P Kumar,9.046153846153846,9.533333333333333,10.27659574468085,13.89473684210526,8.96103896103896,9.73469387755102,10.0,11.44615384615385,11.34146341463414,10.63636363636364,10,8.85867303428279,9.315203820569675
P Negi,9.24922600619195,9.24922600619195,9.24922600619195,9.24922600619195,13.0,7.0,8.0,15.78947368421053,9.24922600619195,6.705882352941177,5,9.41847265221878,7.651083591331267
P Parameswaran,6.933333333333334,6.933333333333334,6.933333333333334,8.0,10.8,6.933333333333334,6.933333333333334,6.933333333333334,6.933333333333334,6.933333333333334,2,13.066666666666666,8.64
P Sahu,5.666666666666665,5.666666666666665,5.666666666666665,5.666666666666665,5.666666666666665,5.666666666666665,5.666666666666665,5.666666666666665,10.33333333333333,5.666666666666665,1,12.777777777777779,8.066666666666666
P Suyal,5.277777777777778,5.277777777777778,5.277777777777778,5.277777777777778,5.277777777777778,5.277777777777778,5.277777777777778,9.555555555555555,5.277777777777778,5.277777777777778,1,13.296296296296298,8.377777777777778
Pankaj Singh,14.14285714285714,12.0,12.0,12.0,12.94736842105263,11.348370927318294,11.348370927318294,11.348370927318294,11.348370927318294,11.348370927318294,5,8.651629072681706,7.1909774436090235
PC Valthaty,5.15,5.15,5.15,9.3,5.15,5.15,5.15,5.15,5.15,5.15,1,14.85,9.309999999999999
PD Collingwood,3.2391304347826084,3.2391304347826084,5.478260869565217,3.2391304347826084,3.2391304347826084,3.2391304347826084,3.2391304347826084,3.2391304347826084,3.2391304347826084,3.2391304347826084,1,16.76086956521739,10.456521739130434
PJ Cummins,6.035714285714286,6.035714285714286,6.035714285714286,6.035714285714286,6.035714285714286,6.035714285714286,4.0,9.0,6.035714285714286,8.142857142857142,3,12.273809523809526,8.564285714285715
PJ Sangwan,10.25806451612903,8.037735849056602,10.06451612903226,8.77206329884358,8.77206329884358,8.77206329884358,8.77206329884358,8.77206329884358,8.77206329884358,11.5,4,10.318624467437614,7.791174680462568
PP Chawla,9.600000000000001,8.879999999999999,7.959183673469387,8.615384615384615,8.555555555555555,9.899999999999999,7.269230769230768,10.5,7.538461538461538,11.0,10,10.32051282051282,10.192307692307692
PP Ojha,8.25,7.448275862068966,12.1578947368421,9.25,9.085714285714285,9.75,10.6,9.192735610578168,9.192735610578168,9.192735610578168,7,10.807264389421832,9.284358633653099
PV Tambe,9.36036036036036,9.36036036036036,9.36036036036036,9.36036036036036,9.36036036036036,9.36036036036036,8.108108108108109,13.33333333333333,13.0,9.36036036036036,3,8.102102102102103,6.061261261261262
R Ashwin,6.709755648388695,2.0,8.557377049180328,8.093023255813954,7.107692307692307,6.8,8.275862068965518,4.153846153846153,7.4,6.709755648388695,8,13.912132732588383,11.547279639553029
R Bhatia,13.75,6.576923076923078,8.0,8.666666666666666,8.382352941176471,7.674418604651163,10.5,8.924399117627573,8.769230769230768,8.924399117627573,8,11.127323665171362,9.876394199102817
R Dhawan,8.658265139116203,8.658265139116203,8.658265139116203,8.658265139116203,8.658265139116203,9.461538461538462,9.829787234042554,10.0,10.0,8.658265139116203,4,10.447244953627932,7.868346972176759
R McLaren,9.254416368515205,9.254416368515205,10.04651162790698,10.125,9.254416368515205,13.84615384615384,9.254416368515205,9.254416368515205,9.254416368515205,9.254416368515205,3,10.745583631484795,7.6473501788908775
R Ninan,8.5,8.5,8.5,16.0,8.5,8.5,8.5,8.5,8.5,8.5,1,11.5,7.3
R Rampaul,6.063636363636365,6.063636363636365,6.063636363636365,6.063636363636365,6.063636363636365,11.12727272727273,6.063636363636365,6.063636363636365,6.063636363636365,6.063636363636365,1,13.936363636363634,8.76181818181818
R Sathish,13.05,13.05,21.0,6.0,13.05,17.0,13.05,13.05,17.25,13.05,4,5.549999999999999,4.93
R Sharma,8.572184604419103,8.572184604419103,13.82608695652174,5.409836065573771,10.875,8.75,8.572184604419103,8.572184604419103,8.572184604419103,8.572184604419103,4,11.427815395580897,8.456689237348538
R Shukla,7.595238095238096,7.595238095238096,7.595238095238096,7.595238095238096,7.595238095238096,6.857142857142857,13.92857142857143,7.595238095238096,7.595238095238096,7.595238095238096,2,12.404761904761905,8.242857142857144
R Vinay Kumar,12.0,9.523809523809524,10.53191489361702,9.887323943661972,10.44755244755245,9.107913669064748,10.72131147540984,10.98795180722892,8.0,10.020777776034448,9,10.330423472245544,9.798254083347327
RA Jadeja,9.692307692307693,8.307692307692307,9.054346427172515,6.695652173913045,7.62162162162162,8.533333333333333,9.0,10.95,8.742857142857142,12.0,9,9.435714285714285,9.26142857142857
Rashid Khan,4.951612903225806,4.951612903225806,4.951612903225806,4.951612903225806,4.951612903225806,4.951612903225806,4.951612903225806,4.951612903225806,4.951612903225806,8.903225806451612,1,13.731182795698924,8.638709677419353
RD Chahar,1.5,1.5,1.5,1.5,1.5,1.5,1.5,1.5,1.5,2.0,1,18.333333333333332,11.4
RE van der Merwe,6.712000000000001,8.56,6.712000000000001,6.0,3.0,12.0,6.712000000000001,6.712000000000001,6.712000000000001,6.712000000000001,4,13.288,9.5728
RG More,5.5,5.5,5.5,5.5,5.5,5.5,5.5,10.0,5.5,5.5,1,13.0,8.2
RG Sharma,9.10483870967742,5.419354838709677,12.0,9.10483870967742,16.0,9.10483870967742,9.10483870967742,9.10483870967742,9.10483870967742,9.10483870967742,3,10.89516129032258,7.737096774193549
RJ Harris,7.963338284249069,9.344262295081966,11.20588235294118,8.896551724137932,10.66666666666667,2.666666666666667,7.963338284249069,7.963338284249069,7.963338284249069,7.963338284249069,5,12.036661715750931,9.22199702945056
RJ Peterson,7.0,7.0,7.0,7.0,13.0,7.0,7.0,7.0,7.0,7.0,1,13.0,8.2
RN ten Doeschate,5.64285714285714,5.64285714285714,5.64285714285714,5.64285714285714,10.28571428571428,5.64285714285714,5.64285714285714,5.64285714285714,5.64285714285714,5.64285714285714,1,14.357142857142861,9.014285714285716
RP Singh,10.35294117647059,7.465648854961832,11.38636363636364,7.418181818181818,9.152542372881356,8.22,8.91017401807169,8.91017401807169,10.28571428571428,8.91017401807169,7,10.63131255938078,9.178787535628468
RR Powar,5.222222222222223,5.222222222222223,3.0,10.66666666666667,5.222222222222223,5.222222222222223,5.222222222222223,5.222222222222223,5.222222222222223,5.222222222222223,2,14.777777777777777,9.666666666666666
RR Raje,9.333333333333334,12.0,7.777777777777779,7.777777777777779,7.777777777777779,7.777777777777779,7.777777777777779,7.777777777777779,7.777777777777779,7.777777777777779,2,12.222222222222221,8.133333333333333
RS Bopara,7.444444444444443,7.444444444444443,11.33333333333333,7.444444444444443,7.444444444444443,7.444444444444443,7.444444444444443,9.0,7.444444444444443,7.444444444444443,2,12.037037037037038,8.022222222222222
RS Gavaskar,4.5,4.5,8.0,4.5,4.5,4.5,4.5,4.5,4.5,4.5,1,15.5,9.7
RV Gomez,9.0,9.0,9.0,20.0,9.0,5.0,9.0,9.0,9.0,9.0,2,11.0,7.4
S Aravind,7.861854751336805,7.861854751336805,7.861854751336805,9.464788732394366,7.861854751336805,7.861854751336805,7.861854751336805,7.861854751336805,9.29032258064516,9.692307692307693,3,11.05183832523678,7.831102995142068
S Badree,2.5,2.5,2.5,2.5,2.5,2.5,2.5,2.5,2.5,4.0,1,17.0,10.6
S Gopal,5.0,5.0,5.0,5.0,5.0,5.0,7.0,6.0,5.0,5.0,2,14.666666666666668,9.6
S Kaul,7.619093406593407,7.619093406593407,7.619093406593407,7.619093406593407,7.619093406593407,10.45714285714286,8.769230769230768,7.619093406593407,7.619093406593407,8.25,3,12.170604395604396,8.502362637362637
S Kaushik,7.875,7.875,7.875,7.875,7.875,7.875,7.875,7.875,14.75,7.875,1,9.833333333333334,6.3
S Ladda,9.200000000000001,9.200000000000001,11.6,14.0,9.200000000000001,9.200000000000001,9.200000000000001,9.200000000000001,9.200000000000001,9.200000000000001,2,10.799999999999999,7.279999999999999
S Nadeem,8.25841631104789,8.25841631104789,8.25841631104789,13.0,8.91891891891892,6.5,9.631578947368421,8.25841631104789,6.5,8.25841631104789,5,12.327722459301405,9.396633475580844
S Narwal,10.33333333333333,10.33333333333333,19.66666666666666,10.33333333333333,10.33333333333333,10.33333333333333,10.33333333333333,10.33333333333333,10.33333333333333,10.33333333333333,1,9.66666666666667,6.200000000000001
S Rana,2.0,2.0,2.0,3.0,2.0,2.0,2.0,2.0,2.0,2.0,1,18.0,11.2
S Randiv,5.0,5.0,5.0,9.0,5.0,5.0,5.0,5.0,5.0,5.0,1,15.0,9.4
S Sreesanth,9.142857142857142,19.5,8.5,10.13793103448276,10.419347049164493,10.23529411764706,10.419347049164493,10.419347049164493,10.419347049164493,10.419347049164493,5,9.580652950835507,7.748391770501304
S Tyagi,7.884615384615385,7.884615384615385,14.76923076923077,7.884615384615385,7.884615384615385,7.884615384615385,7.884615384615385,7.884615384615385,7.884615384615385,7.884615384615385,1,12.115384615384617,7.66923076923077
Sachin Baby,3.5,3.5,3.5,3.5,3.5,3.5,3.5,3.5,6.0,3.5,1,15.666666666666668,9.8
Sandeep Sharma,9.767705586519279,9.767705586519279,9.767705586519279,9.767705586519279,9.767705586519279,11.76923076923077,12.53333333333333,9.627906976744185,9.428571428571429,10.24719101123596,5,10.232110194482807,8.139266116689685
SB Bangar,14.25,7.625,7.625,7.625,7.625,7.625,7.625,7.625,7.625,7.625,1,12.375,7.825
SB Jakati,11.37557603686636,7.833333333333334,9.666666666666668,8.129032258064516,9.5,11.37557603686636,25.5,11.37557603686636,13.0,11.37557603686636,6,8.08294930875576,7.249769585253456
SB Joshi,11.14285714285714,6.07142857142857,6.07142857142857,6.07142857142857,6.07142857142857,6.07142857142857,6.07142857142857,6.07142857142857,6.07142857142857,6.07142857142857,1,13.92857142857143,8.757142857142858
SB Styris,10.625,10.0,7.541666666666667,7.541666666666667,7.541666666666667,7.541666666666667,7.541666666666667,7.541666666666667,7.541666666666667,7.541666666666667,2,12.458333333333332,8.275
SB Wagh,5.5625,5.5625,5.5625,10.125,5.5625,5.5625,5.5625,5.5625,5.5625,5.5625,1,14.4375,9.0625
SC Ganguly,8.75,8.75,8.75,8.75,16.5,8.75,8.75,8.75,8.75,8.75,1,11.25,7.15
SD Chitnis,7.714285714285715,4.357142857142858,4.357142857142858,4.357142857142858,4.357142857142858,4.357142857142858,4.357142857142858,4.357142857142858,4.357142857142858,4.357142857142858,1,15.642857142857142,9.785714285714286
SE Bond,5.160714285714286,5.160714285714286,9.321428571428571,5.160714285714286,5.160714285714286,5.160714285714286,5.160714285714286,5.160714285714286,5.160714285714286,5.160714285714286,1,14.839285714285715,9.303571428571429
Shahid Afridi,9.567567567567567,5.283783783783783,5.283783783783783,5.283783783783783,5.283783783783783,5.283783783783783,5.283783783783783,5.283783783783783,5.283783783783783,5.283783783783783,1,14.716216216216218,9.22972972972973
Shakib Al Hasan,8.317129629629628,8.317129629629628,8.317129629629628,7.777777777777778,7.038461538461538,8.317129629629628,9.0,12.46153846153846,8.625,8.317129629629628,5,10.198777302943972,8.119266381766383
Shivam Sharma,7.5555555555555545,7.5555555555555545,7.5555555555555545,7.5555555555555545,7.5555555555555545,7.5555555555555545,8.666666666666666,12.0,7.5555555555555545,7.5555555555555545,2,10.962962962962964,7.377777777777778
Shoaib Ahmed,7.5,14.0,7.5,7.5,7.5,7.5,7.5,7.5,7.5,7.5,1,12.5,7.9
Shoaib Malik,9.375,5.1875,5.1875,5.1875,5.1875,5.1875,5.1875,5.1875,5.1875,5.1875,1,14.8125,9.2875
SJ Srivastava,6.541666666666667,6.541666666666667,9.0,8.625,6.541666666666667,6.541666666666667,6.541666666666667,6.541666666666667,6.541666666666667,6.541666666666667,2,13.458333333333332,8.875
SK Raina,8.04309221244705,8.516129032258064,7.909090909090908,9.166666666666666,9.0,8.04309221244705,8.666666666666666,8.04309221244705,8.04309221244705,8.04309221244705,5,11.95690778755295,9.17414467253177
SK Trivedi,7.836734693877552,9.08108108108108,9.050847457627118,8.727272727272727,9.304347826086957,9.085714285714285,8.44085686737996,8.44085686737996,8.44085686737996,8.44085686737996,6,11.55914313262004,9.335485879572024
SK Warne,11.67272727272727,8.235294117647058,9.4,5.5,7.7616042780748655,7.7616042780748655,7.7616042780748655,7.7616042780748655,7.7616042780748655,7.7616042780748655,4,12.238395721925134,8.94303743315508
SL Malinga,7.609719824297134,6.136363636363637,6.923076923076922,6.545454545454545,7.207792207792207,7.5,7.738317757009345,8.331210191082802,7.609719824297134,10.10526315789474,8,11.317935608908442,9.990761365345065
SM Boland,4.289473684210526,4.289473684210526,4.289473684210526,4.289473684210526,4.289473684210526,4.289473684210526,4.289473684210526,4.289473684210526,7.578947368421052,4.289473684210526,1,14.614035087719298,9.168421052631578
SM Harwood,5.807692307692305,10.61538461538461,5.807692307692305,5.807692307692305,5.807692307692305,5.807692307692305,5.807692307692305,5.807692307692305,5.807692307692305,5.807692307692305,1,14.192307692307697,8.91538461538462
SM Pollock,8.0,4.5,4.5,4.5,4.5,4.5,4.5,4.5,4.5,4.5,1,15.5,9.7
SMSM Senanayake,4.75,4.75,4.75,4.75,4.75,8.5,4.75,4.75,4.75,4.75,1,15.25,9.55
SN Thakur,5.68918918918919,5.68918918918919,5.68918918918919,5.68918918918919,5.68918918918919,5.68918918918919,5.68918918918919,5.68918918918919,5.68918918918919,10.37837837837838,1,12.747747747747745,8.048648648648648
Sohail Tanvir,6.841121495327103,3.9205607476635516,3.9205607476635516,3.9205607476635516,3.9205607476635516,3.9205607476635516,3.9205607476635516,3.9205607476635516,3.9205607476635516,3.9205607476635516,1,16.07943925233645,10.04766355140187
SP Narine,7.293995045692609,7.293995045692609,7.293995045692609,7.293995045692609,7.025316455696203,6.592105263157895,6.670588235294119,10.76190476190476,8.170212765957446,5.837837837837838,6,11.74334821143332,9.446008926859992
SPD Smith,8.0,8.0,8.0,8.0,15.0,8.0,8.0,8.0,8.0,8.0,1,12.0,7.6
SR Tendulkar,10.0,19.0,10.0,10.0,10.0,10.0,10.0,10.0,10.0,10.0,1,10.0,6.4
SR Watson,8.620689655172413,8.964322529823406,10.4,6.923076923076922,7.565217391304349,8.704225352112676,7.885714285714286,10.13793103448276,10.01351351351351,10.39285714285714,9,9.818566103048864,9.491139661829319
SS Sarkar,3.5,6.0,3.5,3.5,3.5,3.5,3.5,3.5,3.5,3.5,1,16.5,10.3
ST Jayasuriya,7.894736842105264,8.399999999999999,10.0,7.323684210526316,7.323684210526316,7.323684210526316,7.323684210526316,7.323684210526316,7.323684210526316,7.323684210526316,3,12.676315789473684,8.80578947368421
STR Binny,9.322,9.322,9.322,14.0,8.25,9.36,11.0,9.322,9.322,9.322,4,10.678,8.006800000000002
SW Tait,7.927861132680411,7.927861132680411,7.734939759036145,9.230769230769232,7.135135135135135,11.53846153846154,7.927861132680411,7.927861132680411,7.927861132680411,7.927861132680411,4,12.072138867319591,8.843283320391754
T Henderson,5.166666666666667,9.333333333333334,5.166666666666667,5.166666666666667,5.166666666666667,5.166666666666667,5.166666666666667,5.166666666666667,5.166666666666667,5.166666666666667,1,14.833333333333332,9.3
T Natarajan,3.9285714285714284,3.9285714285714284,3.9285714285714284,3.9285714285714284,3.9285714285714284,3.9285714285714284,3.9285714285714284,3.9285714285714284,3.9285714285714284,6.857142857142857,1,15.095238095238095,9.457142857142857
T Shamsi,7.5,7.5,7.5,7.5,7.5,7.5,7.5,7.5,14.0,7.5,1,10.333333333333334,6.6
T Thushara,7.555555555555556,11.0,9.666666666666668,7.555555555555556,7.555555555555556,7.555555555555556,7.555555555555556,7.555555555555556,7.555555555555556,7.555555555555556,2,12.444444444444443,8.266666666666666
TA Boult,9.050675675675675,9.050675675675675,9.050675675675675,9.050675675675675,9.050675675675675,9.050675675675675,9.050675675675675,10.5,12.0,10.7027027027027,3,8.932432432432433,6.559459459459459
Tejas Baroka,9.5,9.5,9.5,9.5,9.5,9.5,9.5,9.5,9.5,18.0,1,7.666666666666666,5.0
TG Southee,9.011944196154722,9.011944196154722,9.011944196154722,9.954545454545455,9.011944196154722,9.011944196154722,7.714285714285715,12.21052631578947,9.5,9.692307692307693,5,9.53238866396761,7.719433198380567
TL Suman,8.793650793650793,10.66666666666667,13.71428571428571,8.793650793650793,8.793650793650793,8.793650793650793,8.793650793650793,8.793650793650793,8.793650793650793,8.793650793650793,2,11.206349206349207,7.523809523809524
TM Dilshan,5.982456140350878,5.982456140350878,6.947368421052633,9.0,5.982456140350878,5.982456140350878,5.982456140350878,5.982456140350878,5.982456140350878,5.982456140350878,2,14.017543859649123,9.210526315789474
TM Head,5.0,5.0,5.0,5.0,5.0,5.0,5.0,5.0,5.0,9.0,1,13.666666666666668,8.6
TP Sudhindra,7.31818181818182,7.31818181818182,7.31818181818182,7.31818181818182,13.63636363636364,7.31818181818182,7.31818181818182,7.31818181818182,7.31818181818182,7.31818181818182,1,12.68181818181818,8.009090909090908
TS Mills,4.857142857142857,4.857142857142857,4.857142857142857,4.857142857142857,4.857142857142857,4.857142857142857,4.857142857142857,4.857142857142857,4.857142857142857,8.714285714285714,1,13.857142857142858,8.714285714285714
Umar Gul,9.962264150943398,5.481132075471699,5.481132075471699,5.481132075471699,5.481132075471699,5.481132075471699,5.481132075471699,5.481132075471699,5.481132075471699,5.481132075471699,1,14.518867924528301,9.111320754716981
UT Yadav,9.410377289946256,9.410377289946256,7.783783783783783,8.307692307692307,8.275862068965518,10.17567567567568,9.928571428571427,9.5625,11.37931034482759,11.28,8,9.259396551724137,8.755637931034482
V Kohli,9.0,10.461538461538462,3.0,8.307692307692307,28.0,10.461538461538462,10.461538461538462,10.461538461538462,10.461538461538462,10.461538461538462,4,9.538461538461538,7.323076923076923
V Pratap Singh,5.453488372093023,5.453488372093023,5.453488372093023,5.453488372093023,9.906976744186046,5.453488372093023,5.453488372093023,5.453488372093023,5.453488372093023,5.453488372093023,1,14.546511627906977,9.127906976744185
V Sehwag,18.5,8.875,3.0,8.875,11.0,8.875,8.875,8.875,8.875,8.875,3,11.125,7.875
VR Aaron,10.156539888682746,10.156539888682746,10.156539888682746,8.0,12.0,10.156539888682746,10.85714285714286,16.0,10.36363636363636,7.875,6,8.587121212121213,7.552272727272728
VRV Singh,8.673913043478262,7.5,12.85714285714286,8.00776397515528,8.00776397515528,8.00776397515528,8.00776397515528,8.00776397515528,8.00776397515528,8.00776397515528,3,11.99223602484472,8.395341614906831
VS Malik,11.333333333333334,8.0,24.0,11.333333333333334,11.333333333333334,11.333333333333334,11.333333333333334,11.333333333333334,11.333333333333334,11.333333333333334,2,8.666666666666666,6.0
VS Yeligati,13.0,7.0,7.0,7.0,7.0,7.0,7.0,7.0,7.0,7.0,1,13.0,8.2
VY Mahesh,7.5,10.375,1.0,10.375,30.0,10.375,10.375,10.375,10.375,10.375,3,9.625,6.975
WA Mota,6.26,11.52,6.26,6.26,6.26,6.26,6.26,6.26,6.26,6.26,1,13.739999999999998,8.644
Washington Sundar,3.5,3.5,3.5,3.5,3.5,3.5,3.5,3.5,3.5,6.0,1,15.666666666666668,9.8
WD Parnell,7.581140350877192,7.581140350877192,7.581140350877192,7.125,6.315789473684212,11.83333333333333,8.631578947368421,7.581140350877192,7.581140350877192,7.581140350877192,4,12.418859649122808,9.051315789473685
WPUJC Vaas,14.0,12.92307692307692,8.666666666666666,9.647435897435896,9.647435897435896,9.647435897435896,9.647435897435896,9.647435897435896,9.647435897435896,9.647435897435896,3,10.352564102564104,7.411538461538463
Y Venugopal Rao,7.125,13.25,7.125,7.125,7.125,7.125,7.125,7.125,7.125,7.125,1,12.875,8.125
YA Abdulla,8.205128205128203,10.61538461538461,12.0,8.205128205128203,8.205128205128203,8.205128205128203,8.205128205128203,8.205128205128203,8.205128205128203,8.205128205128203,2,11.794871794871797,7.876923076923079
YK Pathan,16.15384615384615,8.666666666666666,6.0,5.0,10.26007326007326,17.0,10.26007326007326,13.0,10.26007326007326,10.26007326007326,6,8.826617826617827,7.695970695970696
YS Chahal,8.856228956228955,8.856228956228955,8.856228956228955,8.856228956228955,8.856228956228955,13.0,6.0,9.899999999999999,9.681818181818182,9.555555555555555,5,10.287542087542088,8.172525252525253
Yuvraj Singh,4.0,4.0,8.0,9.75,11.333035714285714,11.333035714285714,8.914285714285715,13.0,36.0,11.333035714285714,7,-0.11101190476190581,2.7333928571428565
Z Khan,9.200000000000001,7.945945945945946,8.872340425531915,8.419354838709678,8.7,9.435063872262536,8.8125,9.833333333333332,10.56716417910448,13.0,9,8.866500829187396,8.919900497512439
